,Symbol,Name
7187,20MICRONS.NS,20 Microns Limited
7188,21STCENMGM.NS,Twentyfirst Century Management Services Limited
7189,3IINFOLTD.NS,3i Infotech Limited
7190,3IINFOTECH.NS,3i Infotech Limited
7191,3MINDIA.NS,3M India Limited
7192,3PLAND.NS,3P Land Holdings Ltd
7193,5PAISA.NS,5paisa Capital Limited
7194,63MOONS.NS,63 Moons Technologies Ltd
7195,A2ZINFRA.NS,A2Z Infra Engineering Limited
7196,AAKASH.NS,Aakash Exploration Services Limited
7197,AAREYDRUGS.NS,Aarey Drugs & Pharmaceuticals Limited
7198,AARON.NS,Aaron Industries Limited
7199,AARTIDRUGS.NS,Aarti Drugs Limited
7200,AARTIIND.NS,Aarti Industries Limited
7201,AARTISURF.NS,Aarti Surfactants Limited
7202,AARVEEDEN.NS,Aarvee Denims and Exports Limited
7203,AARVI.NS,Aarvi Encon Limited
7204,AAVAS.NS,Aavas Financiers Limited
7205,ABAN.NS,Aban Offshore Limited
7206,ABB.NS,ABB India Limited
7207,ABBOTINDIA.NS,Abbott India Limited
7208,ABCAPITAL.NS,Aditya Birla Capital Limited
7209,ABFRL.NS,Aditya Birla Fashion and Retail Limited
7210,ABMINTLLTD.NS,ABM International Limited
7211,ABMINTLTD.NS,ABM International Limited
7212,ABSLNN50ET.NS,ABSL AMC Ltd - Aditya Birla Sun Life Mutual Fund - Aditya Birla Sun Life Nifty Next 50 ETF
7213,ACC.NS,ACC Limited
7214,ACCELYA.NS,Accelya Solutions India Limited
7215,ACCURACY.NS,Accuracy Shipping Limited
7216,ACE.NS,Action Construction Equipment Limited
7217,ACRYSIL.NS,Acrysil Limited
7218,ADANIENT.NS,Adani Enterprises Limited
7219,ADANIGREEN.NS,Adani Green Energy Limited
7220,ADANIPORTS.NS,Adani Ports and Special Economic Zone Limited
7221,ADANIPOWER.NS,Adani Power Limited
7222,ADANITRANS.NS,Adani Transmission Limited
7223,ADFFOODS.NS,ADF Foods Limited
7224,ADL.NS,Archidply Decor Limited
7225,ADORWELD.NS,Ador Welding Limited
7226,ADROITINFO.NS,Adroit Infotech Limited
7227,ADSL.NS,Allied Digital Services Limited
7228,ADVANIHOTR.NS,Advani Hotels & Resorts (India) Limited
7229,ADVENZYMES.NS,Advanced Enzyme Technologies Limited
7230,AEGISCHEM.NS,Aegis Logistics Limited
7231,AFFLE.NS,Affle (India) Limited
7232,AGARIND.NS,Agarwal Industrial Corporation Limited
7233,AGCNET.NS,AGC Networks Limited
7234,AGRITECH.NS,Agri-tech (India) Limited
7235,AGROPHOS.NS,Agro Phos (India) Limited
7236,AHLADA.NS,Ahlada Engineers Limited
7237,AHLEAST.NS,Asian Hotels (East) Limited
7238,AHLUCONT.NS,Ahluwalia Contracts (India) Limited
7239,AHLWEST.NS,Asian Hotels (West) Limited
7240,AIAENG.NS,AIA Engineering Limited
7241,AIRAN.NS,Airan Limited
7242,AJANTPHARM.NS,Ajanta Pharma Limited
7243,AJMERA.NS,Ajmera Realty & Infra India Limited
7244,AJOONI.NS,Ajooni Biotech Limited
7245,AJRINFRA.NS,AJR Infra and Tolling Limited
7246,AKASH.NS,Akash Infra-Projects Limited
7247,AKG.NS,AKG Exim Limited
7248,AKSHARCHEM.NS,AksharChem (India) Limited
7249,AKSHOPTFBR.NS,Aksh Optifibre Limited
7250,AKZOINDIA.NS,Akzo Nobel India Limited
7251,ALANKIT.NS,Alankit Limited
7252,ALBERTDAVD.NS,Albert David Limited
7253,ALCHEM.NS,Alchemist Limited
7254,ALEMBICLTD.NS,Alembic Limited
7255,ALICON.NS,Alicon Castalloy Limited
7256,ALKALI.NS,Alkali Metals Limited
7257,ALKEM.NS,Alkem Laboratories Limited
7258,ALKYLAMINE.NS,Alkyl Amines Chemicals Limited
7259,ALLCARGO.NS,Allcargo Logistics Limited
7260,ALLSEC.NS,Allsec Technologies Limited
7261,ALMONDZ.NS,Almondz Global Securities Limited
7262,ALOKINDS.NS,Alok Industries Limited
7263,ALPA.NS,Alpa Laboratories Limited
7264,ALPHAGEO.NS,Alphageo (India) Limited
7265,ALPSINDUS.NS,Alps Industries Limited
7266,AMARAJABAT.NS,Amara Raja Batteries Limited
7267,AMBER.NS,Amber Enterprises India Limited
7268,AMBICAAGAR.NS,Ambica Agarbathies Aroma & Industries Limited
7269,AMBIKCO.NS,Ambika Cotton Mills Limited
7270,AMBUJACEM.NS,Ambuja Cements Limited
7271,AMDIND.NS,AMD Industries Limited
7272,AMIORG.NS,Ami Organics Limited
7273,AMJLAND.NS,AMJ Land Holdings Limited
7274,AMRUTANJAN.NS,Amrutanjan Health Care Limited
7275,ANANTRAJ.NS,Anant Raj Limited
7276,ANDHRACEMT.NS,Andhra Cements Limited
7277,ANDHRAPAP.NS,Andhra Paper Limited
7278,ANDHRSUGAR.NS,The Andhra Sugars Limited
7279,ANDREWYU.NS,Andrew Yule & Company Limited
7280,ANGELBRKG.NS,Angel One Limited
7281,ANIKINDS.NS,Anik Industries Limited
7282,ANKITMETAL.NS,Ankit Metal & Power Limited
7283,ANMOL.NS,Anmol India Limited
7284,ANSALAPI.NS,Ansal Properties & Infrastructure Limited
7285,ANSALHSG.NS,Ansal Housing Limited
7286,ANTGRAPHIC.NS,Antarctica Limited
7287,ANUP.NS,The Anup Engineering Limited
7288,ANURAS.NS,Anupam Rasayan India Limited
7289,APARINDS.NS,Apar Industries Limited
7290,APCL.NS,Anjani Portland Cement Limited
7291,APCOTEXIND.NS,Apcotex Industries Limited
7292,APEX.NS,Apex Frozen Foods Limited
7293,APLAPOLLO.NS,APL Apollo Tubes Limited
7294,APLLTD.NS,Alembic Pharmaceuticals Limited
7295,APOLLO.NS,Apollo Micro Systems Limited
7296,APOLLOHOSP.NS,Apollo Hospitals Enterprise Limited
7297,APOLLOPIPE.NS,Apollo Pipes Limited
7298,APOLLOTYRE.NS,Apollo Tyres Limited
7299,APOLSINHOT.NS,Apollo Sindoori Hotels Limited
7300,APTECHT.NS,Aptech Limited
7301,APTUS.NS,Aptus Value Housing Finance India Limited
7302,ARCHIDPLY.NS,Archidply Industries Limited
7303,ARCHIES.NS,Archies Limited
7304,ARCOTECH.NS,Arcotech Limited
7305,ARENTERP.NS,Rajdarshan Industries Limited
7306,ARIES.NS,Aries Agro Limited
7307,ARIHANT.NS,Arihant Foundations & Housing Limited
7308,ARIHANTCAP.NS,Arihant Capital Markets Limited
7309,ARIHANTSUP.NS,Arihant Superstructures Limited
7310,ARMANFIN.NS,Arman Financial Services Limited
7311,AROGRANITE.NS,Aro Granite Industries Limited
7312,ARROWGREEN.NS,Arrow Greentech Limited
7313,ARSHIYA.NS,Arshiya Limited
7314,ARSSINFRA.NS,ARSS Infrastructure Projects Limited
7315,ARTEMISMED.NS,Artemis Medicare Services Limited
7316,ARVEE.NS,Arvee Laboratories (India) Ltd.
7317,ARVIND.NS,Arvind Limited
7318,ARVINDFASN.NS,Arvind Fashions Limited
7319,ARVSMART.NS,Arvind SmartSpaces Limited
7320,ASAHIINDIA.NS,Asahi India Glass Limited
7321,ASAHISONG.NS,Asahi Songwon Colors Limited
7322,ASAL.NS,Automotive Stampings and Assemblies Limited
7323,ASALCBR.NS,Associated Alcohols & Breweries Limited
7324,ASHAPURMIN.NS,Ashapura Minechem Limited
7325,ASHIANA.NS,Ashiana Housing Limited
7326,ASHIMASYN.NS,Ashima Limited
7327,ASHOKA.NS,Ashoka Buildcon Limited
7328,ASHOKLEY.NS,Ashok Leyland Limited
7329,ASIANHOTNR.NS,Asian Hotels (North) Limited
7330,ASIANPAINT.NS,Asian Paints Limited
7331,ASIAN-RE.NS,
7332,ASIANTILES.NS,Asian Granito India Limited
7333,ASPINWALL.NS,Aspinwall and Company Limited
7334,ASTEC.NS,Astec LifeSciences Limited
7335,ASTERDM.NS,Aster DM Healthcare Limited
7336,ASTRAL.NS,Astral Limited
7337,ASTRAMICRO.NS,Astra Microwave Products Limited
7338,ASTRAZEN.NS,AstraZeneca Pharma India Limited
7339,ASTRON.NS,Astron Paper & Board Mill Limited
7340,ATFL.NS,Agro Tech Foods Limited
7341,ATGL.NS,Adani Total Gas Limited
7342,ATLANTA.NS,Atlanta Limited
7343,ATLASCYCLE.NS,Atlas Cycles (Haryana) Limited
7344,ATNINTER.NS,ATN International Limited
7345,ATUL.NS,Atul Ltd
7346,ATULAUTO.NS,Atul Auto Limited
7347,AUBANK.NS,AU Small Finance Bank Limited
7348,AURIONPRO.NS,Aurionpro Solutions Limited
7349,AUROPHARMA.NS,Aurobindo Pharma Limited
7350,AUSOMENT.NS,Ausom Enterprise Limited
7351,AUTOAXLES.NS,Automotive Axles Limited
7352,AUTOIND.NS,Autoline Industries Limited
7353,AUTOLITIND.NS,Autolite (India) Limited
7354,AVADHSUGAR.NS,Avadh Sugar & Energy Limited
7355,AVANTIFEED.NS,Avanti Feeds Limited
7356,AVTNPL.NS,AVT Natural Products Limited
7357,AWHCL.NS,Antony Waste Handling Cell Limited
7358,AXISBANK.NS,Axis Bank Limited
7359,AXISCADES.NS,Axiscades Technologies Limited
7360,AYMSYNTEX.NS,AYM Syntex Limited
7361,BAFNAPH.NS,Bafna Pharmaceuticals Limited
7362,BAGFILMS.NS,B.A.G. Films and Media Limited
7363,BAJAJ-AUTO.NS,Bajaj Auto Limited
7364,BAJAJCON.NS,Bajaj Consumer Care Limited
7365,BAJAJELEC.NS,Bajaj Electricals Limited
7366,BAJAJFINSV.NS,Bajaj Finserv Ltd.
7367,BAJAJHIND.NS,Bajaj Hindusthan Sugar Limited
7368,BAJAJHLDNG.NS,Bajaj Holdings & Investment Limited
7369,BAJFINANCE.NS,Bajaj Finance Limited
7370,BALAJITELE.NS,Balaji Telefilms Limited
7371,BALAMINES.NS,Balaji Amines Limited
7372,BALAXI.NS,Balaxi Pharmaceuticals Limited
7373,BALKRISHNA.NS,Balkrishna Paper Mills Limited
7374,BALKRISIND.NS,Balkrishna Industries Limited
7375,BALLARPUR.NS,Ballarpur Industries Limited
7376,BALMLAWRIE.NS,Balmer Lawrie & Co. Ltd.
7377,BALPHARMA.NS,Bal Pharma Limited
7378,BALRAMCHIN.NS,Balrampur Chini Mills Limited
7379,BANARBEADS.NS,Banaras Beads Limited
7380,BANARISUG.NS,Bannari Amman Sugars Limited
7381,BANCOINDIA.NS,Banco Products (India) Limited
7382,BANDHANBNK.NS,Bandhan Bank Limited
7383,BANG.NS,Bang Overseas Limited
7384,BANKA.NS,Banka BioLoo Limited
7385,BANKBARODA.NS,Bank of Baroda
7386,BANKINDIA.NS,Bank of India Limited
7387,BANSWRAS.NS,Banswara Syntex Limited
7388,BARBEQUE.NS,Barbeque Nation Hospitality Ltd.
7389,BARTRONICS.NS,Bartronics India Limited
7390,BASF.NS,BASF India Limited
7391,BASML.NS,Bannari Amman Spinning Mills Ltd
7392,BASML-RE.NS,
7393,BATAINDIA.NS,Bata India Limited
7394,BAYERCROP.NS,Bayer CropScience Limited
7395,BBL.NS,Bharat Bijlee Limited
7396,BBTC.NS,"The Bombay Burmah Trading Corporation, Limited"
7397,BCG.NS,Brightcom Group Limited
7398,BCLIND.NS,BCL Industries Limited
7399,BCP.NS,B.C. Power Controls Limited
7400,BDL.NS,Bharat Dynamics Limited
7401,BEARDSELL.NS,Beardsell Limited
7402,BECTORFOOD.NS,Mrs. Bectors Food Specialities Limited
7403,BEDMUTHA.NS,Bedmutha Industries Limited
7404,BEL.NS,Bharat Electronics Limited
7405,BEML.NS,BEML Limited
7406,BEPL.NS,Bhansali Engineering Polymers Limited
7407,BERGEPAINT.NS,Berger Paints India Limited
7408,BESTAGRO.NS,Best Agrolife Limited
7409,BFINVEST.NS,BF Investment Limited
7410,BFUTILITIE.NS,BF Utilities Limited
7411,BGLOBAL.NS,Bharatiya Global Infomedia Limited
7412,BGRENERGY.NS,BGR Energy Systems Limited
7413,BHAGERIA.NS,Bhageria Industries Limited
7414,BHAGYANGR.NS,Bhagyanagar India Limited
7415,BHAGYAPROP.NS,Bhagyanagar Properties Limited
7416,BHANDARI.NS,Bhandari Hosiery Exports Limited
7417,BHARATFORG.NS,Bharat Forge Limited
7418,BHARATGEAR.NS,Bharat Gears Limited
7419,BHARATRAS.NS,Bharat Rasayan Limited
7420,BHARATWIRE.NS,Bharat Wire Ropes Limited
7421,BHARTIARTL.NS,Bharti Airtel Limited
7422,BHEL.NS,Bharat Heavy Electricals Limited
7423,BIGBLOC.NS,Bigbloc Construction Limited
7424,BIL.NS,Bhartiya International Ltd.
7425,BILENERGY.NS,Bil Energy Systems Limited
7426,BINDALAGRO.NS,Oswal Greentech Limited
7427,BIOCON.NS,Biocon Limited
7428,BIOFILCHEM.NS,Biofil Chemicals and Pharmaceuticals Limited
7429,BIRET.NS,
7430,BIRLACABLE.NS,Birla Cable Limited
7431,BIRLACORPN.NS,Birla Corporation Limited
7432,BIRLAMONEY.NS,Aditya Birla Money Limited
7433,BIRLATYRE.NS,Birla Tyres Limited
7434,BKMINDST.NS,BKM Industries Limited
7435,BLBLIMITED.NS,BLB Limited
7436,BLISSGVS.NS,Bliss GVS Pharma Limited
7437,BLKASHYAP.NS,B.L. Kashyap and Sons Limited
7438,BLS.NS,BLS International Services Limited
7439,BLUECHIP.NS,Blue Chip India Limited
7440,BLUEDART.NS,Blue Dart Express Limited
7441,BLUESTARCO.NS,Blue Star Limited
7442,BODALCHEM.NS,Bodal Chemicals Limited
7443,BOMDYEING.NS,The Bombay Dyeing and Manufacturing Company Limited
7444,BOROLTD.NS,Borosil Limited
7445,BORORENEW.NS,Borosil Renewables Limited
7446,BOSCHLTD.NS,Bosch Limited
7447,BPCL.NS,Bharat Petroleum Corporation Limited
7448,BPL.NS,BPL Limited
7449,BRFL.NS,Bombay Rayon Fashions Limited
7450,BRIGADE.NS,Brigade Enterprises Limited
7451,BRITANNIA.NS,Britannia Industries Limited
7452,BRNL.NS,Bharat Road Network Limited
7453,BROOKS.NS,Brooks Laboratories Limited
7454,BSE.NS,BSE Limited
7455,BSELINFRA.NS,BSEL Infrastructure Realty Limited
7456,BSHSL.NS,Bombay Super Hybrid Seeds Limited
7457,BSL.NS,BSL Limited
7458,BSOFT.NS,Birlasoft Limited
7459,BURGERKING.NS,Burger King India Limited
7460,BURNPUR.NS,Burnpur Cement Limited
7461,BUTTERFLY.NS,Butterfly Gandhimathi Appliances Limited
7462,BVCL.NS,Barak Valley Cements Limited
7463,BYKE.NS,The Byke Hospitality Limited
7464,CADILAHC.NS,Cadila Healthcare Limited
7465,CALSOFT.NS,California Software Company Limited
7466,CAMLINFINE.NS,Camlin Fine Sciences Limited
7467,CAMS.NS,Computer Age Management Services Limited
7468,CANBK.NS,Canara Bank
7469,CANDC.NS,C & C Constructions Limited
7470,CANFINHOME.NS,Can Fin Homes Limited
7471,CANTABIL.NS,Cantabil Retail India Limited
7472,CAPACITE.NS,Capacit'e Infraprojects Limited
7473,CAPLIPOINT.NS,Caplin Point Laboratories Limited
7474,CAPTRUST.NS,Capital Trust Limited
7475,CARBORUNIV.NS,Carborundum Universal Limited
7476,CAREERP.NS,Career Point Limited
7477,CARERATING.NS,CARE Ratings Limited
7478,CARTRADE.NS,CarTrade Tech Limited
7479,CASTEXTECH.NS,Castex Technologies Limited
7480,CASTROLIND.NS,Castrol India Limited
7481,CCCL.NS,Consolidated Construction Consortium Limited
7482,CCHHL.NS,Country Club Hospitality & Holidays Limited
7483,CCL.NS,CCL Products (India) Limited
7484,CDSL.NS,Central Depository Services (India) Limited
7485,CEATLTD.NS,CEAT Limited
7486,CEBBCO.NS,Commercial Engineers & Body Builders Co Limited
7487,CELEBRITY.NS,Celebrity Fashions Limited
7488,CENTENKA.NS,Century Enka Limited
7489,CENTEXT.NS,Century Extrusions Limited
7490,CENTRALBK.NS,Central Bank of India
7491,CENTRUM.NS,Centrum Capital Limited
7492,CENTUM.NS,Centum Electronics Limited
7493,CENTURYPLY.NS,Century Plyboards (India) Limited
7494,CENTURYTEX.NS,Century Textiles and Industries Limited
7495,CERA.NS,Cera Sanitaryware Limited
7496,CEREBRAINT.NS,Cerebra Integrated Technologies Limited
7497,CESC.NS,CESC Limited
7498,CGCL.NS,Capri Global Capital Limited
7499,CGPOWER.NS,CG Power and Industrial Solutions Limited
7500,CHALET.NS,Chalet Hotels Limited
7501,CHAMBLFERT.NS,Chambal Fertilisers and Chemicals Limited
7502,CHEMBOND.NS,Chembond Chemicals Limited
7503,CHEMCON.NS,Chemcon Speciality Chemicals Limited
7504,CHEMFAB.NS,Chemfab Alkalis Limited
7505,CHEMPLASTS.NS,Chemplast Sanmar Limited
7506,CHENNPETRO.NS,Chennai Petroleum Corporation Limited
7507,CHOLAFIN.NS,Cholamandalam Investment and Finance Company Limited
7508,CHOLAHLDNG.NS,Cholamandalam Financial Holdings Limited
7509,CHROMATIC.NS,Chromatic India Limited
7510,CIGNITITEC.NS,Cigniti Technologies Limited
7511,CINELINE.NS,Cineline India Limited
7512,CINEVISTA.NS,Cinevista Limited
7513,CIPLA.NS,Cipla Limited
7514,CKFSL.NS,Cox and Kings Financial Service Limited
7515,CLEAN.NS,Clean Science and Technology Limited
7516,CLEDUCATE.NS,CL Educate Limited
7517,CLNINDIA.NS,Clariant Chemicals (India) Limited
7518,CLSEL.NS,
7519,CMICABLES.NS,CMI Limited
7520,CMSINFO.NS,CMS Info Systems Limited
7521,CNOVAPETRO.NS,CIL Nova Petrochemicals Limited
7522,COALINDIA.NS,Coal India Limited
7523,COCHINSHIP.NS,Cochin Shipyard Limited
7524,COFFEEDAY.NS,Coffee Day Enterprises Limited
7525,COFORGE.NS,Coforge Limited
7526,COLPAL.NS,Colgate-Palmolive (India) Limited
7527,COMPINFO.NS,Compuage Infocom Limited
7528,COMPUSOFT.NS,Compucom Software Limited
7529,CONCOR.NS,Container Corporation of India Limited
7530,CONFIPET.NS,Confidence Petroleum India Limited
7531,CONSOFINVT.NS,Consolidated Finvest & Holdings Limited
7532,CONTROLPR.NS,Control Print Limited
7533,CORALFINAC.NS,Coral India Finance and Housing Limited
7534,CORDSCABLE.NS,Cords Cable Industries Limited
7535,COROMANDEL.NS,Coromandel International Limited
7536,COSMOFILMS.NS,Cosmo Films Limited
7537,COUNCODOS.NS,Country Condo's Limited
7538,COX&KINGS.NS,Cox & Kings Limited
7539,CRAFTSMAN.NS,Craftsman Automation Limited
7540,CREATIVE.NS,Creative Newtech Limited
7541,CREATIVEYE.NS,Creative Eye Limited
7542,CREDITACC.NS,CreditAccess Grameen Limited
7543,CREST.NS,Crest Ventures Limited
7544,CRISIL.NS,CRISIL Limited
7545,CROMPTON.NS,Crompton Greaves Consumer Electricals Limited
7546,CSBBANK.NS,CSB Bank Limited
7547,CTE.NS,Cambridge Technology Enterprises Limited
7548,CUB.NS,City Union Bank Limited
7549,CUBEXTUB.NS,Cubex Tubings Limited
7550,CUMMINSIND.NS,Cummins India Limited
7551,CUPID.NS,Cupid Limited
7552,CYBERMEDIA.NS,Cyber Media (India) Limited
7553,CYBERTECH.NS,CyberTech Systems and Software Limited
7554,CYIENT.NS,Cyient Limited
7555,DAAWAT.NS,LT Foods Limited
7556,DABUR.NS,Dabur India Limited
7557,DALALSTCOM.NS,DSJ Keep Learning Limited
7558,DALBHARAT.NS,Dalmia Bharat Limited
7559,DALMIASUG.NS,Dalmia Bharat Sugar and Industries Limited
7560,DAMODARIND.NS,Damodar Industries Limited
7561,DANGEE.NS,Dangee Dums Limited
7562,DATAMATICS.NS,Datamatics Global Services Limited
7563,DATAPATTNS.NS,Data Patterns (India) Limited
7564,DBCORP.NS,D. B. Corp Limited
7565,DBL.NS,Dilip Buildcon Limited
7566,DBREALTY.NS,D B Realty Limited
7567,DBSTOCKBRO.NS,DB (International) Stock Brokers Limited
7568,DCAL.NS,Dishman Carbogen Amcis Limited
7569,DCBBANK.NS,DCB Bank Limited
7570,DCM.NS,DCM Limited
7571,DCMFINSERV.NS,DCM Financial Services Limited
7572,DCMNVL.NS,DCM Nouvelle Limited
7573,DCMSHRIRAM.NS,DCM Shriram Limited
7574,DCW.NS,DCW Limited
7575,DECCANCE.NS,Deccan Cements Limited
7576,DEEPAKFERT.NS,Deepak Fertilisers And Petrochemicals Corporation Limited
7577,DEEPAKNTR.NS,Deepak Nitrite Limited
7578,DEEPENR.NS,Deep Energy Resources Limited
7579,DEEPINDS.NS,Deep Industries Limited
7580,DELPHIFX.NS,Delphi World Money Limited
7581,DELTACORP.NS,Delta Corp Limited
7582,DELTAMAGNT.NS,Delta Manufacturing Limited
7583,DEN.NS,DEN Networks Limited
7584,DENORA.NS,De Nora India Limited
7585,DEVYANI.NS,Devyani International Limited
7586,DFMFOODS.NS,DFM Foods Limited
7587,DGCONTENT.NS,Digicontent Limited
7588,DHAMPURSUG.NS,Dhampur Sugar Mills Limited
7589,DHANBANK.NS,Dhanlaxmi Bank Limited
7590,DHANI.NS,Dhani Services Limited
7591,DHANIPP.NS,
7592,DHANUKA.NS,Dhanuka Agritech Limited
7593,DHARSUGAR.NS,Dharani Sugars and Chemicals Limited
7594,DHFL.NS,Dewan Housing Finance Corporation Limited
7595,DHUNINV.NS,Dhunseri Investments Limited
7596,DIAMONDYD.NS,Prataap Snacks Limited
7597,DIAPOWER.NS,Diamond Power Infrastructure Limited
7598,DICIND.NS,DIC India Limited
7599,DIGISPICE.NS,DiGiSPICE Technologies Limited
7600,DIGJAMLTD.NS,Digjam Limited
7601,DISHTV.NS,Dish TV India Limited
7602,DIVISLAB.NS,Divi's Laboratories Limited
7603,DIXON.NS,Dixon Technologies (India) Limited
7604,DLF.NS,DLF Limited
7605,DLINKINDIA.NS,D-Link (India) Limited
7606,DMART.NS,Avenue Supermarts Limited
7607,DNAMEDIA.NS,Diligent Media Corporation Limited
7608,DODLA.NS,Dodla Dairy Limited
7609,DOLAT.NS,Dolat Algotech Limited
7610,DOLLAR.NS,Dollar Industries Limited
7611,DONEAR.NS,Donear Industries Limited
7612,DPABHUSHAN.NS,D. P. Abhushan Limited
7613,DPSCLTD.NS,India Power Corporation Limited
7614,DPWIRES.NS,D.P. Wires Limited
7615,DQE.NS,DQ Entertainment (International) Limited
7616,DRCSYSTEMS.NS,DRC Systems India Limited
7617,DREDGECORP.NS,Dredging Corporation of India Limited
7618,DRREDDY.NS,Dr. Reddy's Laboratories Limited
7619,DSSL.NS,Dynacons Systems & Solutions Limited
7620,DTIL.NS,Dhunseri Tea & Industries Limited
7621,DUCON.NS,Ducon Infratechnolgies Limited
7622,DVL.NS,Dhunseri Ventures Limited
7623,DWARKESH.NS,Dwarikesh Sugar Industries Limited
7624,DYNAMATECH.NS,Dynamatic Technologies Limited
7625,DYNPRO.NS,Dynemic Products Limited
7626,EASEMYTRIP.NS,Easy Trip Planners Limited
7627,EASTSILK.NS,Eastern Silk Industries Limited
7628,EASUNREYRL.NS,Easun Reyrolle Limited
7629,EBIXFOREX.NS,Delphi World Money Limited
7630,ECLERX.NS,eClerx Services Limited
7631,EDELWEISS.NS,Edelweiss Financial Services Limited
7632,EDUCOMP.NS,Educomp Solutions Limited
7633,EICHERMOT.NS,Eicher Motors Limited
7634,EIDPARRY.NS,E.I.D.- Parry (India) Limited
7635,EIHAHOTELS.NS,EIH Associated Hotels Limited
7636,EIHOTEL.NS,EIH Limited
7637,EIMCOELECO.NS,Eimco Elecon (India) Limited
7638,EKC.NS,Everest Kanto Cylinder Limited
7639,ELECON.NS,Elecon Engineering Company Limited
7640,ELECTCAST.NS,Electrosteel Castings Limited
7641,ELECTHERM.NS,Electrotherm (India) Limited
7642,ELGIEQUIP.NS,Elgi Equipments Limited
7643,ELGIRUBCO.NS,Elgi Rubber Company Limited
7644,EMAMILTD.NS,Emami Limited
7645,EMAMIPAP.NS,Emami Paper Mills Limited
7646,EMAMIREAL.NS,Emami Realty Limited
7647,EMBASSY.NS,Embassy Office Parks REIT
7648,EMCO.NS,EMCO Limited
7649,EMKAY.NS,Emkay Global Financial Services Limited
7650,EMMBI.NS,Emmbi Industries Limited
7651,ENDURANCE.NS,Endurance Technologies Limited
7652,ENERGYDEV.NS,Energy Development Company Limited
7653,ENGINERSIN.NS,Engineers India Limited
7654,ENIL.NS,Entertainment Network (India) Limited
7655,EPL.NS,EPL Limited
7656,EQ30.NS,Edelweiss ETF - Nifty 100 Quality 30
7657,EQUITAS.NS,Equitas Holdings Limited
7658,EQUITASBNK.NS,Equitas Small Finance Bank Limited
7659,ERIS.NS,Eris Lifesciences Limited
7660,EROSMEDIA.NS,Eros International Media Limited
7661,ESABINDIA.NS,ESAB India Limited
7662,ESCORTS.NS,Escorts Limited
7663,ESSARSHPNG.NS,Essar Shipping Limited
7664,ESTER.NS,Ester Industries Limited
7665,EUROCERA.NS,Euro Ceramics Limited
7666,EUROMULTI.NS,Euro Multivision Limited
7667,EUROTEXIND.NS,Eurotex Industries and Exports Limited
7668,EVEREADY.NS,Eveready Industries India Limited
7669,EVERESTIND.NS,Everest Industries Limited
7670,EXCEL.NS,Excel Realty N Infra Limited
7671,EXCELINDUS.NS,Excel Industries Limited
7672,EXIDEIND.NS,Exide Industries Limited
7673,EXPLEOSOL.NS,Expleo Solutions Limited
7674,EXXARO.NS,Exxaro Tiles Limited
7675,FACT.NS,The Fertilisers And Chemicals Travancore Limited
7676,FAIRCHEMOR.NS,Fairchem Organics Limited
7677,FCL.NS,Fineotex Chemical Limited
7678,FCONSUMER.NS,Future Consumer Limited
7679,FCSSOFT.NS,FCS Software Solutions Limited
7680,FDC.NS,FDC Limited
7681,FEDERALBNK.NS,The Federal Bank Limited
7682,FEL.NS,Future Enterprises Limited
7683,FELDVR.NS,Future Enterprises Limited
7684,FIEMIND.NS,Fiem Industries Limited
7685,FILATEX.NS,Filatex India Limited
7686,FINCABLES.NS,Finolex Cables Limited
7687,FINEORG.NS,Fine Organic Industries Limited
7688,FINPIPE.NS,Finolex Industries Limited
7689,FLEXITUFF.NS,Flexituff Ventures International Limited
7690,FLFL.NS,Future Lifestyle Fashions Limited
7691,FLUOROCHEM.NS,Gujarat Fluorochemicals Limited
7692,FMGOETZE.NS,Federal-Mogul Goetze (India) Limited
7693,FMNL.NS,Future Market Networks Limited
7694,FORCEMOT.NS,Force Motors Limited
7695,FORTIS.NS,Fortis Healthcare Limited
7696,FOSECOIND.NS,Foseco India Limited
7697,FRETAIL.NS,Future Retail Limited
7698,FSC.NS,Future Supply Chain Solutions Limited
7699,FSL.NS,Firstsource Solutions Limited
7700,GABRIEL.NS,Gabriel India Limited
7701,GAEL.NS,Gujarat Ambuja Exports Limited
7702,GAIL.NS,GAIL (India) Limited
7703,GAL.NS,Gyscoal Alloys Limited
7704,GALAXYSURF.NS,Galaxy Surfactants Limited
7705,GALLANTT.NS,Gallantt Metal Limited
7706,GALLISPAT.NS,Gallantt Ispat Limited
7707,GAMMNINFRA.NS,AJR Infra and Tolling Limited
7708,GANDHITUBE.NS,Gandhi Special Tubes Limited
7709,GANECOS.NS,Ganesha Ecosphere Limited
7710,GANESHBE.NS,Ganesh Benzoplast Limited
7711,GANESHHOUC.NS,Ganesh Housing Corporation Limited
7712,GANGAFORGE.NS,Ganga Forging Limited
7713,GANGESSECU.NS,Ganges Securities Limited
7714,GANGOTRI.NS,Gangotri Textiles Limited
7715,GARFIBRES.NS,Garware Technical Fibres Limited
7716,GATI.NS,Gati Limited
7717,GAYAHWS.NS,Gayatri Highways Limited
7718,GAYAPROJ.NS,Gayatri Projects Limited
7719,GBGLOBAL.NS,GB Global Limited
7720,GDL.NS,Gateway Distriparks Limited
7721,GEECEE.NS,GeeCee Ventures Limited
7722,GEEKAYWIRE.NS,Geekay Wires Limited
7723,GENCON.NS,Generic Engineering Construction and Projects Limited
7724,GENESYS.NS,Genesys International Corporation Limited
7725,GENUSPAPER.NS,Genus Paper & Boards Limited
7726,GENUSPOWER.NS,Genus Power Infrastructures Limited
7727,GEOJITFSL.NS,Geojit Financial Services Limited
7728,GEPIL.NS,GE Power India Limited
7729,GESHIP.NS,The Great Eastern Shipping Company Limited
7730,GET&D.NS,GE T&D India Limited
7731,GFLLIMITED.NS,GFL Limited
7732,GFSTEELS.NS,Grand Foundry Limited
7733,GHCL.NS,GHCL Limited
7734,GICHSGFIN.NS,GIC Housing Finance Limited
7735,GICRE.NS,General Insurance Corporation of India
7736,GILLANDERS.NS,Gillanders Arbuthnot and Company Limited
7737,GILLETTE.NS,Gillette India Limited
7738,GINNIFILA.NS,Ginni Filaments Limited
7739,GIPCL.NS,Gujarat Industries Power Company Limited
7740,GISOLUTION.NS,GI Engineering Solutions Limited
7741,GKWLIMITED.NS,GKW Limited
7742,GLAND.NS,Gland Pharma Limited
7743,GLAXO.NS,GlaxoSmithKline Pharmaceuticals Limited
7744,GLENMARK.NS,Glenmark Pharmaceuticals Limited
7745,GLFL.NS,Gujarat Lease Financing Limited
7746,GLOBAL.NS,Global Education Limited
7747,GLOBALVECT.NS,Global Vectra Helicorp Limited
7748,GLOBE.NS,Globe Textiles (India) Limited
7749,GLOBUSSPR.NS,Globus Spirits Limited
7750,GLS.NS,Glenmark Life Sciences Limited
7751,GMBREW.NS,G.M. Breweries Limited
7752,GMDCLTD.NS,Gujarat Mineral Development Corporation Limited
7753,GMMPFAUDLR.NS,GMM Pfaudler Limited
7754,GMRINFRA.NS,GMR Infrastructure Limited
7755,GNA.NS,G N A Axles Limited
7756,GNFC.NS,Gujarat Narmada Valley Fertilizers & Chemicals Limited
7757,GOACARBON.NS,Goa Carbon Limited
7758,GOCLCORP.NS,GOCL Corporation Limited
7759,GODFRYPHLP.NS,Godfrey Phillips India Limited
7760,GODHA.NS,Godha Cabcon & Insulation Limited
7761,GODREJAGRO.NS,Godrej Agrovet Limited
7762,GODREJCP.NS,Godrej Consumer Products Limited
7763,GODREJIND.NS,Godrej Industries Limited
7764,GODREJPROP.NS,Godrej Properties Limited
7765,GOENKA.NS,Goenka Diamond and Jewels Limited
7766,GOKEX.NS,Gokaldas Exports Limited
7767,GOKUL.NS,Gokul Refoils & Solvent Limited
7768,GOKULAGRO.NS,Gokul Agro Resources Limited
7769,GOLDENTOBC.NS,Golden Tobacco Limited
7770,GOLDIAM.NS,Goldiam International Limited
7771,GOLDSHARE.NS,UTI Mutual Fund - UTI-Gold Exchange Traded Fund
7772,GOLDTECH.NS,Goldstone Technologies Limited
7773,GOODLUCK.NS,Goodluck India Limited
7774,GOODYEAR.NS,Goodyear India Limited
7775,GPIL.NS,Godawari Power & Ispat Limited
7776,GPPL.NS,Gujarat Pipavav Port Limited
7777,GPTINFRA.NS,GPT Infraprojects Limited
7778,GRANULES.NS,Granules India Limited
7779,GRAPHITE.NS,Graphite India Limited
7780,GRASIM.NS,Grasim Industries Limited
7781,GRAUWEIL.NS,Grauer & Weil (India) Limited
7782,GRAVITA.NS,Gravita India Limited
7783,GREAVESCOT.NS,Greaves Cotton Limited
7784,GREENLAM.NS,Greenlam Industries Limited
7785,GREENPANEL.NS,Greenpanel Industries Limited
7786,GREENPLY.NS,Greenply Industries Limited
7787,GREENPOWER.NS,Orient Green Power Company Limited
7788,GRINDWELL.NS,Grindwell Norton Limited
7789,GRINFRA.NS,G R Infraprojects Limited
7790,GROBTEA.NS,The Grob Tea Company Limited
7791,GRPLTD.NS,GRP Limited
7792,GRSE.NS,Garden Reach Shipbuilders & Engineers Limited
7793,GSCLCEMENT.NS,Gujarat Sidhee Cement Limited
7794,GSFC.NS,Gujarat State Fertilizers & Chemicals Limited
7795,GSPL.NS,Gujarat State Petronet Limited
7796,GSS.NS,GSS Infotech Limited
7797,GTL.NS,GTL Limited
7798,GTLINFRA.NS,GTL Infrastructure Limited
7799,GTNTEX.NS,GTN Textiles Limited
7800,GTPL.NS,GTPL Hathway Limited
7801,GUFICBIO.NS,Gufic Biosciences Limited
7802,GUJALKALI.NS,Gujarat Alkalies and Chemicals Limited
7803,GUJAPOLLO.NS,Gujarat Apollo Industries Limited
7804,GUJGASLTD.NS,Gujarat Gas Limited
7805,GUJRAFFIA.NS,Gujarat Raffia Industries Limited
7806,GULFOILLUB.NS,Gulf Oil Lubricants India Limited
7807,GULFPETRO.NS,GP Petroleums Limited
7808,GULPOLY.NS,Gulshan Polyols Limited
7809,GVKPIL.NS,GVK Power & Infrastructure Limited
7810,HAL.NS,Hindustan Aeronautics Limited
7811,HAPPSTMNDS.NS,Happiest Minds Technologies Limited
7812,HARITASEAT.NS,Harita Seating Systems Limited
7813,HARRMALAYA.NS,Harrisons Malayalam Limited
7814,HATHWAY.NS,Hathway Cable and Datacom Limited
7815,HATSUN.NS,Hatsun Agro Product Limited
7816,HAVELLS.NS,Havells India Limited
7817,HAVISHA.NS,Sri Havisha Hospitality and Infrastructure Limited
7818,HBLPOWER.NS,HBL Power Systems Limited
7819,HBSL.NS,HB Stockholdings Limited
7820,HCC.NS,Hindustan Construction Company Limited
7821,HCG.NS,HealthCare Global Enterprises Limited
7822,HCL-INSYS.NS,HCL Infosystems Limited
7823,HCLTECH.NS,HCL Technologies Limited
7824,HDFC.NS,Housing Development Finance Corporation Limited
7825,HDFCAMC.NS,HDFC Asset Management Company Limited
7826,HDFCBANK.NS,HDFC Bank Limited
7827,HDFCLIFE.NS,HDFC Life Insurance Company Limited
7828,HDIL.NS,Housing Development and Infrastructure Limited
7829,HEG.NS,HEG Limited
7830,HEIDELBERG.NS,HeidelbergCement India Limited
7831,HEMIPROP.NS,Hemisphere Properties India Limited
7832,HERANBA.NS,Heranba Industries Limited
7833,HERCULES.NS,Hercules Hoists Limited
7834,HERITGFOOD.NS,Heritage Foods Limited
7835,HEROMOTOCO.NS,Hero MotoCorp Limited
7836,HESTERBIO.NS,Hester Biosciences Limited
7837,HEXATRADEX.NS,Hexa Tradex Limited
7838,HFCL.NS,HFCL Limited
7839,HGINFRA.NS,H.G. Infra Engineering Limited
7840,HGS.NS,Hinduja Global Solutions Limited
7841,HIKAL.NS,Hikal Limited
7842,HIL.NS,HIL Limited
7843,HILTON.NS,Hilton Metal Forging Limited
7844,HIMATSEIDE.NS,Himatsingka Seide Limited
7845,HINDALCO.NS,Hindalco Industries Limited
7846,HINDCOMPOS.NS,Hindustan Composites Limited
7847,HINDCON.NS,Hindcon Chemicals Limited
7848,HINDCOPPER.NS,Hindustan Copper Limited
7849,HINDMOTORS.NS,Hindustan Motors Limited
7850,HINDNATGLS.NS,Hindusthan National Glass & Industries Limited
7851,HINDOILEXP.NS,Hindustan Oil Exploration Company Limited
7852,HINDPETRO.NS,Hindustan Petroleum Corporation Limited
7853,HINDUNILVR.NS,Hindustan Unilever Limited
7854,HINDZINC.NS,Hindustan Zinc Limited
7855,HIRECT.NS,Hind Rectifiers Limited
7856,HISARMETAL.NS,Hisar Metal Industries Limited
7857,HITECH.NS,Hi-Tech Pipes Limited
7858,HITECHCORP.NS,Hitech Corporation Limited
7859,HITECHGEAR.NS,The Hi-Tech Gears Limited
7860,HLEGLAS.NS,HLE Glascoat Limited
7861,HLVLTD.NS,HLV Limited
7862,HMT.NS,HMT Limited
7863,HMVL.NS,Hindustan Media Ventures Limited
7864,HNDFDS.NS,Hindustan Foods Limited
7865,HOMEFIRST.NS,Home First Finance Company India Limited
7866,HONAUT.NS,Honeywell Automation India Limited
7867,HONDAPOWER.NS,Honda India Power Products Limited
7868,HOTELRUGBY.NS,Hotel Rugby Limited
7869,HOVS.NS,HOV Services Limited
7870,HPAL.NS,HP Adhesives Limited
7871,HPL.NS,HPL Electric & Power Limited
7872,HSCL.NS,Himadri Speciality Chemical Limited
7873,HSIL.NS,HSIL Limited
7874,HTMEDIA.NS,HT Media Limited
7875,HUBTOWN.NS,Hubtown Limited
7876,HUDCO.NS,Housing and Urban Development Corporation Limited
7877,HUHTAMAKI.NS,Huhtamaki India Limited
7878,IBREALEST.NS,Indiabulls Real Estate Limited
7879,IBULHSGFIN.NS,Indiabulls Housing Finance Limited
7880,ICDSLTD.NS,ICDS Limited
7881,ICEMAKE.NS,Ice Make Refrigeration Limited
7882,ICICI500.NS,ICICI Prudential S&P BSE 500 ETF
7883,ICICIALPLV.NS,ICICI Prudential Mutual Fund - ICICI Prudential Alpha Low Vol 30 ETF
7884,ICICIB22.NS,ICICI Prudential Mutual Fund - Bharat 22 ETF
7885,ICICIBANK.NS,ICICI Bank Limited
7886,ICICIFMCG.NS,
7887,ICICIGI.NS,ICICI Lombard General Insurance Company Limited
7888,ICICILIQ.NS,ICICI Prudential Mutual Fund - ICICI Prudential Liquid ETF
7889,ICICILOVOL.NS,ICICI Prudential Mutual Fund - ICICI Prudential Nifty Low Vol 30 iWIN ETF
7890,ICICIM150.NS,ICICI Prudential Amc Ltd. - ICICI Prudential Mutual Fund ICICI Prudential Midcap 150 ETF
7891,ICICIMCAP.NS,ICICI Prudential Mutual Fund - ICICI Prudential Midcap Select ETF
7892,ICICINF100.NS,ICICI Prudential Mutual Fund - ICICI Prudential Nifty 100 ETF
7893,ICICINV20.NS,ICICI Prudential Mutual Fund - ICICI Prudential Fixed Maturity Plan - Series 79 - 1126 Days Plan C
7894,ICICINXT50.NS,ICICI Prudential Mutual Fund - ICICI Prudential Nifty Next 50 ETF
7895,ICICIPHARM.NS,ICICI Prudential AMC Ltd. - ICICI Prudential Mutual Fund - ICICI Prudential Healthcare ETF
7896,ICICIPRULI.NS,ICICI Prudential Life Insurance Company Limited
7897,ICICISENSX.NS,ICICI Prudential Mutual Fund - ICICI Prudential Sensex ETF
7898,ICICITECH.NS,ICICI Prudential Mutual Fund - ICICI Prudential IT ETF
7899,ICIL.NS,Indo Count Industries Limited
7900,ICRA.NS,ICRA Limited
7901,IDBI.NS,IDBI Bank Limited
7902,IDEA.NS,Vodafone Idea Limited
7903,IDFC.NS,IDFC Limited
7904,IDFCFIRSTB.NS,IDFC First Bank Limited
7905,IEX.NS,Indian Energy Exchange Limited
7906,IFBAGRO.NS,IFB Agro Industries Limited
7907,IFBIND.NS,IFB Industries Limited
7908,IFCI.NS,IFCI Limited
7909,IFGLEXPOR.NS,IFGL Refractories Limited
7910,IGARASHI.NS,Igarashi Motors India Limited
7911,IGL.NS,Indraprastha Gas Limited
7912,IGPL.NS,I G Petrochemicals Limited
7913,IIFL.NS,IIFL Finance Limited
7914,IIFLSEC.NS,IIFL Securities Limited
7915,IIFLWAM.NS,IIFL Wealth Management Limited
7916,IITL.NS,Industrial Investment Trust Limited
7917,IL&FSENGG.NS,IL&FS Engineering and Construction Company Limited
7918,IL&FSTRANS.NS,IL&FS Transportation Networks Limited
7919,IMAGICAA.NS,Imagicaaworld Entertainment Limited
7920,IMFA.NS,Indian Metals and Ferro Alloys Limited
7921,IMPAL.NS,India Motor Parts & Accessories Limited
7922,IMPEXFERRO.NS,Impex Ferro Tech Limited
7923,INCREDIBLE.NS,Incredible Industries Limited
7924,INDBANK.NS,Indbank Merchant Banking Services Limited
7925,INDHOTEL.NS,The Indian Hotels Company Limited
7926,INDIACEM.NS,The India Cements Limited
7927,INDIAGLYCO.NS,India Glycols Limited
7928,INDIAMART.NS,IndiaMART InterMESH Limited
7929,INDIANB.NS,Indian Bank
7930,INDIANCARD.NS,The Indian Card Clothing Company Limited
7931,INDIANHUME.NS,The Indian Hume Pipe Company Limited
7932,INDIGO.NS,InterGlobe Aviation Limited
7933,INDIGOPNTS.NS,Indigo Paints Limited
7934,INDLMETER.NS,IMP Powers Limited
7935,INDNIPPON.NS,India Nippon Electricals Limited
7936,INDOCO.NS,Indoco Remedies Limited
7937,INDORAMA.NS,Indo Rama Synthetics (India) Limited
7938,INDOSOLAR.NS,Indosolar Limited
7939,INDOSTAR.NS,IndoStar Capital Finance Limited
7940,INDOTECH.NS,Indo Tech Transformers Limited
7941,INDOTHAI.NS,Indo Thai Securities Limited
7942,INDOWIND.NS,Indowind Energy Limited
7943,INDRAMEDCO.NS,Indraprastha Medical Corporation Limited
7944,INDSWFTLAB.NS,Ind-Swift Laboratories Limited
7945,INDSWFTLTD.NS,Ind-Swift Limited
7946,INDTERRAIN.NS,Indian Terrain Fashions Limited
7947,INDUSINDBK.NS,IndusInd Bank Limited
7948,INDUSTOWER.NS,Indus Towers Limited
7949,INEOSSTYRO.NS,INEOS Styrolution India Limited
7950,INFIBEAM.NS,Infibeam Avenues Limited
7951,INFOBEAN.NS,InfoBeans Technologies Limited
7952,INFOMEDIA.NS,Infomedia Press Limited
7953,INFY.NS,Infosys Limited
7954,INGERRAND.NS,Ingersoll-Rand (India) Limited
7955,INOXLEISUR.NS,INOX Leisure Limited
7956,INOXWIND.NS,Inox Wind Limited
7957,INSECTICID.NS,Insecticides (India) Limited
7958,INSPIRISYS.NS,Inspirisys Solutions Limited
7959,INTEGRA.NS,Integra Garments and Textiles Limited
7960,INTELLECT.NS,Intellect Design Arena Limited
7961,INTENTECH.NS,Intense Technologies Limited
7962,INTLCONV.NS,
7963,INVENTURE.NS,Inventure Growth & Securities Limited
7964,IOB.NS,Indian Overseas Bank
7965,IOC.NS,Indian Oil Corporation Limited
7966,IOLCP.NS,IOL Chemicals and Pharmaceuticals Limited
7967,IPCALAB.NS,Ipca Laboratories Limited
7968,IPL.NS,India Pesticides Limited
7969,IRB.NS,IRB Infrastructure Developers Limited
7970,IRCON.NS,Ircon International Limited
7971,IRCTC.NS,Indian Railway Catering & Tourism Corporation Limited
7972,IRFC.NS,Indian Railway Finance Corporation Limited
7973,IRISDOREME.NS,Iris Clothings Limited
7974,ISEC.NS,ICICI Securities Limited
7975,ISFT.NS,IntraSoft Technologies Limited
7976,ISGEC.NS,Isgec Heavy Engineering Limited
7977,ISMTLTD.NS,ISMT Limited
7978,ITC.NS,ITC Limited
7979,ITDC.NS,India Tourism Development Corporation Limited
7980,ITDCEM.NS,ITD Cementation India Limited
7981,ITI.NS,ITI Limited
7982,IVC.NS,IL&FS Investment Managers Limited
7983,IVP.NS,IVP Limited
7984,IWEL.NS,Inox Wind Energy Limited
7985,IZMO.NS,IZMO Limited
7986,J&KBANK.NS,The Jammu and Kashmir Bank Limited
7987,JAGRAN.NS,Jagran Prakashan Limited
7988,JAGSNPHARM.NS,Jagsonpal Pharmaceuticals Limited
7989,JAIBALAJI.NS,Jai Balaji Industries Limited
7990,JAICORPLTD.NS,Jai Corp Limited
7991,JAINSTUDIO.NS,Jain Studios Limited
7992,JAIPURKURT.NS,Nandani Creation Limited
7993,JAMNAAUTO.NS,Jamna Auto Industries Limited
7994,JASH.NS,Jash Engineering Limited
7995,JAYAGROGN.NS,Jayant Agro-Organics Limited
7996,JAYBARMARU.NS,Jay Bharat Maruti Limited
7997,JAYNECOIND.NS,Jayaswal Neco Industries Limited
7998,JAYSREETEA.NS,Jay Shree Tea & Industries Limited
7999,JBCHEPHARM.NS,J. B. Chemicals & Pharmaceuticals Limited
8000,JBFIND.NS,JBF Industries Limited
8001,JBMA.NS,JBM Auto Limited
8002,JCHAC.NS,Johnson Controls-Hitachi Air Conditioning India Limited
8003,JETAIRWAYS.NS,Jet Airways (India) Limited
8004,JHS.NS,JHS Svendgaard Laboratories Limited
8005,JIKIND.NS,JIK Industries Limited
8006,JINDALPHOT.NS,Jindal Photo Limited
8007,JINDALPOLY.NS,Jindal Poly Films Limited
8008,JINDALSAW.NS,Jindal Saw Limited
8009,JINDALSTEL.NS,Jindal Steel & Power Limited
8010,JINDCOT.NS,Jindal Cotex Limited
8011,JINDRILL.NS,Jindal Drilling & Industries Limited
8012,JINDWORLD.NS,Jindal Worldwide Limited
8013,JISLDVREQS.NS,Jain Irrigation Systems Limited
8014,JISLJALEQS.NS,Jain Irrigation Systems Limited
8015,JITFINFRA.NS,JITF Infralogistics Limited
8016,JIYAECO.NS,Jiya Eco-Products Limited
8017,JKCEMENT.NS,J.K. Cement Limited
8018,JKIL.NS,J. Kumar Infraprojects Limited
8019,JKLAKSHMI.NS,JK Lakshmi Cement Limited
8020,JKPAPER.NS,JK Paper Ltd
8021,JKTYRE.NS,JK Tyre & Industries Limited
8022,JMA.NS,Jullundur Motor Agency (Delhi) Limited
8023,JMCPROJECT.NS,JMC Projects (India) Limited
8024,JMFINANCIL.NS,JM Financial Limited
8025,JMTAUTOLTD.NS,JMT Auto Limited
8026,JOCIL.NS,Jocil Limited
8027,JPASSOCIAT.NS,Jaiprakash Associates Limited
8028,JPINFRATEC.NS,Jaypee Infratech Limited
8029,JPOLYINVST.NS,Jindal Poly Investment and Finance Company Limited
8030,JPPOWER.NS,Jaiprakash Power Ventures Limited
8031,JSL.NS,Jindal Stainless Limited
8032,JSLHISAR.NS,Jindal Stainless (Hisar) Limited
8033,JSWENERGY.NS,JSW Energy Limited
8034,JSWHL.NS,JSW Holdings Limited
8035,JSWISPL.NS,JSW Ispat Special Products Limited
8036,JSWSTEEL.NS,JSW Steel Limited
8037,JTEKTINDIA.NS,JTEKT India Limited
8038,JUBLFOOD.NS,Jubilant FoodWorks Limited
8039,JUBLINDS.NS,Jubilant Industries Limited
8040,JUBLINGREA.NS,Jubilant Ingrevia Limited
8041,JUBLPHARMA.NS,Jubilant Pharmova Limited
8042,JUMPNET.NS,WinPro Industries Limited
8043,JUSTDIAL.NS,Just Dial Limited
8044,JYOTHYLAB.NS,Jyothy Labs Limited
8045,JYOTISTRUC.NS,Jyoti Structures Limited
8046,KABRAEXTRU.NS,Kabra Extrusiontechnik Limited
8047,KAJARIACER.NS,Kajaria Ceramics Limited
8048,KAKATCEM.NS,Kakatiya Cement Sugar and Industries Limited
8049,KALPATPOWR.NS,Kalpataru Power Transmission Limited
8050,KALYANIFRG.NS,Kalyani Forge Limited
8051,KALYANKJIL.NS,Kalyan Jewellers India Limited
8052,KAMATHOTEL.NS,Kamat Hotels (India) Limited
8053,KAMDHENU.NS,Kamdhenu Limited
8054,KANANIIND.NS,Kanani Industries Limited
8055,KANORICHEM.NS,Kanoria Chemicals & Industries Limited
8056,KANPRPLA.NS,Kanpur Plastipack Limited
8057,KANSAINER.NS,Kansai Nerolac Paints Limited
8058,KAPSTON.NS,Kapston Facilities Management Limited
8059,KARDA.NS,KBC Global Limited
8060,KARMAENG.NS,Karma Energy Limited
8061,KARURVYSYA.NS,The Karur Vysya Bank Limited
8062,KAUSHALYA.NS,Kaushalya Infrastructure Development Corporation Limited
8063,KAVVERITEL.NS,Kavveri Telecom Products Limited
8064,KAYA.NS,Kaya Limited
8065,KCP.NS,The KCP Limited
8066,KCPSUGIND.NS,K.C.P. Sugar and Industries Corporation Limited
8067,KDDL.NS,KDDL Limited
8068,KEC.NS,KEC International Limited
8069,KECL.NS,Kirloskar Electric Company Limited
8070,KEERTI.NS,Keerti Knowledge and Skills Limited
8071,KEI.NS,KEI Industries Limited
8072,KELLTONTEC.NS,Kellton Tech Solutions Limited
8073,KENNAMET.NS,Kennametal India Limited
8074,KERNEX.NS,Kernex Microsystems (India) Limited
8075,KESORAMIND.NS,Kesoram Industries Limited
8076,KEYFINSERV.NS,Keynote Financial Services Limited
8077,KGL.NS,Karuturi Global Limited
8078,KHADIM.NS,Khadim India Limited
8079,KHAICHEM.NS,
8080,KHAITANLTD.NS,Khaitan (India) Limited
8081,KHANDSE.NS,Khandwala Securities Limited
8082,KICL.NS,Kalyani Investment Company Limited
8083,KILITCH.NS,Kilitch Drugs (India) Limited
8084,KIMS.NS,Krishna Institute of Medical Sciences Limited
8085,KINGFA.NS,Kingfa Science & Technology (India) Limited
8086,KIOCL.NS,KIOCL Limited
8087,KIRIINDUS.NS,Kiri Industries Limited
8088,KIRLFER.NS,Kirloskar Ferrous Industries Limited
8089,KIRLOSBROS.NS,Kirloskar Brothers Limited
8090,KIRLOSENG.NS,Kirloskar Oil Engines Limited
8091,KIRLOSIND.NS,Kirloskar Industries Limited
8092,KITEX.NS,Kitex Garments Limited
8093,KKCL.NS,Kewal Kiran Clothing Limited
8094,KMSUGAR.NS,K.M. Sugar Mills Limited
8095,KNRCON.NS,KNR Constructions Limited
8096,KOHINOOR.NS,Kohinoor Foods Limited
8097,KOKUYOCMLN.NS,Kokuyo Camlin Limited
8098,KOLTEPATIL.NS,Kolte-Patil Developers Limited
8099,KOPRAN.NS,Kopran Limited
8100,KOTAKBANK.NS,Kotak Mahindra Bank Limited
8101,KOTAKIT.NS,Kotak Mahindra Mutual Fund - Kotak IT Etf
8102,KOTAKNV20.NS,Kotak Mahindra Mutual Fund - Kotak NV 20 ETF
8103,KOTAKPSUBK.NS,Kotak Mahindra Mutual Fund - Kotak PSU Bank ETF
8104,KOTARISUG.NS,Kothari Sugars and Chemicals Limited
8105,KOTHARIPET.NS,Kothari Petrochemicals Limited
8106,KOTHARIPRO.NS,Kothari Products Limited
8107,KOVAI.NS,Kovai Medical Center and Hospital Limited
8108,KPIGLOBAL.NS,K.P.I. Global Infrastructure Limited
8109,KPITTECH.NS,KPIT Technologies Limited
8110,KPRMILL.NS,K.P.R. Mill Limited
8111,KRBL.NS,KRBL Limited
8112,KREBSBIO.NS,Krebs Biochemicals & Industries Limited
8113,KRIDHANINF.NS,Kridhan Infra Limited
8114,KRISHANA.NS,Krishana Phoschem Limited
8115,KRSNAA.NS,Krsnaa Diagnostics Limited
8116,KSB.NS,KSB Limited
8117,KSCL.NS,Kaveri Seed Company Limited
8118,KSERASERA.NS,KSS Limited
8119,KSL.NS,Kalyani Steels Limited
8120,KTKBANK.NS,The Karnataka Bank Limited
8121,KUANTUM.NS,Kuantum Papers Limited
8122,L&TFH.NS,L&T Finance Holdings Limited
8123,LAKPRE.NS,Lakshmi Precision Screws Limited
8124,LALPATHLAB.NS,Dr. Lal PathLabs Limited
8125,LAMBODHARA.NS,Lambodhara Textiles Limited
8126,LAOPALA.NS,La Opala RG Limited
8127,LASA.NS,Lasa Supergenerics Limited
8128,LAURUSLABS.NS,Laurus Labs Limited
8129,LAXMIMACH.NS,Lakshmi Machine Works Limited
8130,LCCINFOTEC.NS,LCC Infotech Limited
8131,LEMONTREE.NS,Lemon Tree Hotels Limited
8132,LFIC.NS,Lakshmi Finance & Industrial Corporation Limited
8133,LGBBROSLTD.NS,L.G. Balakrishnan & Bros Limited
8134,LGBFORGE.NS,LGB Forge Limited
8135,LIBAS.NS,Libas Consumer Products Limited
8136,LIBERTSHOE.NS,Liberty Shoes Ltd.
8137,LICHSGFIN.NS,LIC Housing Finance Limited
8138,LICNFNHGP.NS,LIC Mutual Fund - LIC MF Exchange Traded Fund - NIFTY 100
8139,LIKHITHA.NS,Likhitha Infrastructure Limited
8140,LINCOLN.NS,Lincoln Pharmaceuticals Limited
8141,LINCPEN.NS,Linc Limited
8142,LINDEINDIA.NS,Linde India Limited
8143,LODHA.NS,Macrotech Developers Limited
8144,LOKESHMACH.NS,Lokesh Machines Limited
8145,LOTUSEYE.NS,Lotus Eye Hospital and Institute Limited
8146,LOVABLE.NS,Lovable Lingerie Limited
8147,LPDC.NS,Landmark Property Development Company Limited
8148,LSIL.NS,Lloyds Steels Industries Limited
8149,LT.NS,Larsen & Toubro Limited
8150,LTI.NS,Larsen & Toubro Infotech Limited
8151,LTTS.NS,L&T Technology Services Limited
8152,LUMAXIND.NS,Lumax Industries Limited
8153,LUMAXTECH.NS,Lumax Auto Technologies Limited
8154,LUPIN.NS,Lupin Limited
8155,LUXIND.NS,Lux Industries Limited
8156,LXCHEM.NS,Laxmi Organic Industries Limited
8157,LYKALABS.NS,Lyka Labs Limited
8158,LYPSAGEMS.NS,Lypsa Gems & Jewellery Limited
8159,M&M.NS,Mahindra & Mahindra Limited
8160,M&MFIN.NS,Mahindra & Mahindra Financial Services Limited
8161,MAANALU.NS,Maan Aluminium Limited
8162,MACPOWER.NS,Macpower CNC Machines Limited
8163,MADHAV.NS,Madhav Marbles and Granites Limited
8164,MADHUCON.NS,Madhucon Projects Limited
8165,MADRASFERT.NS,Madras Fertilizers Limited
8166,MAFANG.NS,Mirae Asset Global Invest (I) Pvt. Ltd. - Mirae Asset MF - Mirae Asset Nyse Fang Plus ETF
8167,MAGADSUGAR.NS,Magadh Sugar & Energy Limited
8168,MAGMA.NS,Poonawalla Fincorp Limited
8169,MAGNUM.NS,Magnum Ventures Limited
8170,MAHABANK.NS,Bank of Maharashtra
8171,MAHAPEXLTD.NS,Maha Rashtra Apex Corporation Limited
8172,MAHASTEEL.NS,Mahamaya Steel Industries Limited
8173,MAHEPC.NS,Mahindra EPC Irrigation Limited
8174,MAHESHWARI.NS,Maheshwari Logistics Limited
8175,MAHINDCIE.NS,Mahindra CIE Automotive Limited
8176,MAHLIFE.NS,Mahindra Lifespace Developers Limited
8177,MAHLOG.NS,Mahindra Logistics Limited
8178,MAHSCOOTER.NS,Maharashtra Scooters Ltd.
8179,MAHSEAMLES.NS,Maharashtra Seamless Limited
8180,MAITHANALL.NS,Maithan Alloys Limited
8181,MAJESCO.NS,Majesco Limited
8182,MALUPAPER.NS,Malu Paper Mills Limited
8183,MANAKALUCO.NS,Manaksia Aluminium Company Limited
8184,MANAKCOAT.NS,Manaksia Coated Metals & Industries Limited
8185,MANAKSIA.NS,Manaksia Limited
8186,MANAKSTEEL.NS,Manaksia Steels Limited
8187,MANALIPETC.NS,Manali Petrochemicals Limited
8188,MANAPPURAM.NS,Manappuram Finance Limited
8189,MANGALAM.NS,Mangalam Drugs & Organics Limited
8190,MANGCHEFER.NS,Mangalore Chemicals & Fertilizers Limited
8191,MANGLMCEM.NS,Mangalam Cement Limited
8192,MANGTIMBER.NS,Mangalam Timber Products Limited
8193,MANINDS.NS,Man Industries (India) Limited
8194,MANINFRA.NS,Man Infraconstruction Limited
8195,MANUGRAPH.NS,Manugraph India Limited
8196,MANXT50.NS,Mirae Asset Global Investments India Pvt Ltd - Mirae Asset Mutual Fund - Mirae Asset NIFTY Next 50
8197,MARALOVER.NS,Maral Overseas Limited
8198,MARATHON.NS,Marathon Nextgen Realty Limited
8199,MARICO.NS,Marico Limited
8200,MARINE.NS,Marine Electricals (India) Limited
8201,MARKSANS.NS,Marksans Pharma Limited
8202,MARUTI.NS,Maruti Suzuki India Limited
8203,MASFIN.NS,MAS Financial Services Limited
8204,MASKINVEST.NS,Mask Investments Limited
8205,MASPTOP50.NS,
8206,MASTEK.NS,Mastek Limited
8207,MATRIMONY.NS,Matrimony.com Limited
8208,MAWANASUG.NS,Mawana Sugars Limited
8209,MAXHEALTH.NS,Max Healthcare Institute Limited
8210,MAXIND.NS,Max India Limited
8211,MAXVIL.NS,Max Ventures and Industries Limited
8212,MAYURUNIQ.NS,Mayur Uniquoters Limited
8213,MAZDA.NS,Mazda Limited
8214,MAZDOCK.NS,Mazagon Dock Shipbuilders Limited
8215,MBAPL.NS,Madhya Bharat Agro Products Limited
8216,MBECL.NS,McNally Bharat Engineering Company Limited
8217,MBLINFRA.NS,MBL Infrastructures Limited
8218,MCDHOLDING.NS,McDowell Holdings Limited
8219,MCDOWELL-N.NS,United Spirits Limited
8220,MCL.NS,Madhav Copper Limited
8221,MCLEODRUSS.NS,McLeod Russel India Limited
8222,MCX.NS,Multi Commodity Exchange of India Limited
8223,MEDPLUS.NS,MedPlus Health Services Limited
8224,MEGASOFT.NS,Megasoft Limited
8225,MEGH.NS,Meghmani Organics Limited
8226,MELSTAR.NS,Melstar Information Technologies Limited
8227,MENONBE.NS,Menon Bearings Limited
8228,MEP.NS,MEP Infrastructure Developers Limited
8229,MERCATOR.NS,Mercator Limited
8230,METALFORGE.NS,Metalyst Forgings Limited
8231,METROPOLIS.NS,Metropolis Healthcare Limited
8232,MFL.NS,Meghmani Finechem Limited
8233,MFSL.NS,Max Financial Services Limited
8234,MGEL.NS,Mangalam Global Enterprise Limited
8235,MGL.NS,Mahanagar Gas Limited
8236,MHRIL.NS,Mahindra Holidays & Resorts India Ltd
8237,MIC.NS,MIC Electronics Limited
8238,MIDHANI.NS,Mishra Dhatu Nigam Limited
8239,MINDACORP.NS,Minda Corporation Limited
8240,MINDAIND.NS,Minda Industries Limited
8241,MINDSPACE.NS,
8242,MINDTECK.NS,Mindteck (India) Limited
8243,MINDTREE.NS,Mindtree Limited
8244,MIRCELECTR.NS,MIRC Electronics Limited
8245,MIRZAINT.NS,Mirza International Limited
8246,MITTAL.NS,Mittal Life Style Limited
8247,MMFL.NS,M M Forgings Limited
8248,MMP.NS,MMP Industries Limited
8249,MMTC.NS,MMTC Limited
8250,MODIRUBBER.NS,Modi Rubber Limited
8251,MODISNME.NS,Modison Metals Limited
8252,MOGSEC.NS,Motilal Oswal Amc Ltd. - Motilal Oswal Mutual Fund - Motilal Oswal 5 Year G-Sec ETF
8253,MOHITIND.NS,Mohit Industries Limited
8254,MOHOTAIND.NS,Mohota Industries Limited
8255,MOIL.NS,MOIL Limited
8256,MOKSH.NS,Moksh Ornaments Limited
8257,MOL.NS,Meghmani Organics Limited
8258,MOLDTECH.NS,Mold-Tek Technologies Limited
8259,MOLDTKPAC.NS,Mold-Tek Packaging Limited
8260,MOM100.NS,Motilal Oswal Midcap 100 ETF
8261,MOM50.NS,Motilal Oswal M50 ETF
8262,MON100.NS,Motilal Oswal NASDAQ 100 ETF
8263,MONTECARLO.NS,Monte Carlo Fashions Limited
8264,MORARJEE.NS,Morarjee Textiles Limited
8265,MOREPENLAB.NS,Morepen Laboratories Limited
8266,MOTHERSUMI.NS,Motherson Sumi Systems Limited
8267,MOTILALOFS.NS,Motilal Oswal Financial Services Limited
8268,MOTOGENFIN.NS,The Motor & General Finance Limited
8269,MPHASIS.NS,Mphasis Limited
8270,MPSLTD.NS,MPS Limited
8271,MRF.NS,MRF Limited
8272,MRO-TEK.NS,MRO-TEK Realty Limited
8273,MRPL.NS,Mangalore Refinery and Petrochemicals Limited
8274,MSPL.NS,MSP Steel & Power Limited
8275,MSTCLTD.NS,MSTC Limited
8276,MTARTECH.NS,MTAR Technologies Limited
8277,MTEDUCARE.NS,MT Educare Limited
8278,MTNL.NS,Mahanagar Telephone Nigam Limited
8279,MUKANDENGG.NS,Mukand Engineers Limited
8280,MUKANDLTD.NS,Mukand Limited
8281,MUKTAARTS.NS,Mukta Arts Limited
8282,MUNJALAU.NS,Munjal Auto Industries Limited
8283,MUNJALSHOW.NS,Munjal Showa Limited
8284,MURUDCERA.NS,Murudeshwar Ceramics Ltd.
8285,MUTHOOTCAP.NS,Muthoot Capital Services Limited
8286,MUTHOOTFIN.NS,Muthoot Finance Limited
8287,NACLIND.NS,NACL Industries Limited
8288,NAGAFERT.NS,Nagarjuna Fertilizers and Chemicals Limited
8289,NAGREEKCAP.NS,Nagreeka Capital & Infrastructure Ltd.
8290,NAGREEKEXP.NS,Nagreeka Exports Limited
8291,NAHARCAP.NS,Nahar Capital and Financial Services Limited
8292,NAHARINDUS.NS,Nahar Industrial Enterprises Limited
8293,NAHARPOLY.NS,Nahar Poly Films Limited
8294,NAHARSPING.NS,Nahar Spinning Mills Limited
8295,NAM-INDIA.NS,Nippon Life India Asset Management Limited
8296,NATCOPHARM.NS,NATCO Pharma Limited
8297,NATHBIOGEN.NS,Nath Bio-Genes (India) Limited
8298,NATIONALUM.NS,National Aluminium Company Limited
8299,NATNLSTEEL.NS,National Steel and Agro Industries Limited
8300,NAUKRI.NS,Info Edge (India) Limited
8301,NAVINFLUOR.NS,Navin Fluorine International Limited
8302,NAVKARCORP.NS,Navkar Corporation Limited
8303,NAVNETEDUL.NS,Navneet Education Limited
8304,NAZARA.NS,Nazara Technologies Limited
8305,NBCC.NS,NBCC (India) Limited
8306,NBIFIN.NS,N.B.I. Industrial Finance Company Limited
8307,NBVENTURES.NS,Nava Bharat Ventures Limited
8308,NCC.NS,NCC Limited
8309,NCLIND.NS,NCL Industries Limited
8310,NCPSESDL24.NS,Nippon Life India Am Ltd. - Nippon India Mf-Nippon India Etf Nifty Cpse Bond Plus Sdl-2024 Maturity
8311,NDGL.NS,Naga Dhunseri Group Limited
8312,NDL.NS,Nandan Denim Limited
8313,NDRAUTO.NS,NDR Auto Components Limited
8314,NDTV.NS,New Delhi Television Limited
8315,NECCLTD.NS,North Eastern Carrying Corporation Limited
8316,NECLIFE.NS,Nectar Lifesciences Limited
8317,NELCAST.NS,Nelcast Limited
8318,NELCO.NS,Nelco Limited
8319,NEOGEN.NS,Neogen Chemicals Limited
8320,NESCO.NS,Nesco Limited
8321,NESTLEIND.NS,Nestl? India Limited
8322,NETWORK18.NS,Network18 Media & Investments Limited
8323,NEULANDLAB.NS,Neuland Laboratories Limited
8324,NEWGEN.NS,Newgen Software Technologies Limited
8325,NEXTMEDIA.NS,Next Mediaworks Limited
8326,NFL.NS,National Fertilizers Limited
8327,NGIL.NS,Nakoda Group of Industries Limited
8328,NH.NS,Narayana Hrudayalaya Limited
8329,NHPC.NS,NHPC Limited
8330,NIACL.NS,The New India Assurance Company Limited
8331,NIBL.NS,NRB Industrial Bearings Limited
8332,NIITLTD.NS,NIIT Limited
8333,NILAINFRA.NS,Nila Infrastructures Limited
8334,NILASPACES.NS,Nila Spaces Limited
8335,NILKAMAL.NS,Nilkamal Limited
8336,NIPPOBATRY.NS,Indo National Limited
8337,NIRAJ.NS,Niraj Cement Structurals Limited
8338,NITCO.NS,NITCO Limited
8339,NITINFIRE.NS,Nitin Fire Protection Industries Limited
8340,NITINSPIN.NS,Nitin Spinners Limited
8341,NITIRAJ.NS,Nitiraj Engineers Limited
8342,NKIND.NS,N.K Industries Limited
8343,NLCINDIA.NS,NLC India Limited
8344,NMDC.NS,NMDC Limited
8345,NOCIL.NS,NOCIL Limited
8346,NOIDATOLL.NS,Noida Toll Bridge Company Limited
8347,NORBTEAEXP.NS,Norben Tea & Exports Limited
8348,NOVARTIND.NS,Novartis India Limited
8349,NPBET.NS,Tata Asset Management Limited - Tata Mutual Fund - Tata Nifty Private Bank Exchange Traded Fund
8350,NRAIL.NS,N R Agarwal Industries Limited
8351,NRBBEARING.NS,NRB Bearings Limited
8352,NSIL.NS,Nalwa Sons Investments Limited
8353,NTL.NS,Neueon Towers Limited
8354,NTPC.NS,NTPC Limited
8355,NUCLEUS.NS,Nucleus Software Exports Limited
8356,NURECA.NS,Nureca Limited
8357,NUVOCO.NS,Nuvoco Vistas Corporation Limited
8358,NXTDIGITAL.NS,Nxtdigital Limited
8359,OAL.NS,Oriental Aromatics Limited
8360,OBEROIRLTY.NS,Oberoi Realty Limited
8361,OCCL.NS,Oriental Carbon & Chemicals Limited
8362,OFSS.NS,Oracle Financial Services Software Limited
8363,OIL.NS,Oil India Limited
8364,OILCOUNTUB.NS,Oil Country Tubular Limited
8365,OISL.NS,OCL Iron and Steel Limited
8366,OLECTRA.NS,Olectra Greentech Limited
8367,OMAXAUTO.NS,Omax Autos Limited
8368,OMAXE.NS,Omaxe Limited
8369,OMINFRAL.NS,Om Infra Limited
8370,OMKARCHEM.NS,Omkar Speciality Chemicals Limited
8371,ONELIFECAP.NS,Onelife Capital Advisors Limited
8372,ONEPOINT.NS,One Point One Solutions Limited
8373,ONGC.NS,Oil and Natural Gas Corporation Limited
8374,ONMOBILE.NS,OnMobile Global Limited
8375,ONWARDTEC.NS,Onward Technologies Limited
8376,OPTIEMUS.NS,Optiemus Infracom Limited
8377,OPTOCIRCUI.NS,Opto Circuits (India) Limited
8378,ORBTEXP.NS,Orbit Exports Limited
8379,ORCHPHARMA.NS,Orchid Pharma Limited
8380,ORICONENT.NS,Oricon Enterprises Limited
8381,ORIENTABRA.NS,Orient Abrasives Limited
8382,ORIENTALTL.NS,Oriental Trimex Limited
8383,ORIENTBELL.NS,Orient Bell Limited
8384,ORIENTCEM.NS,Orient Cement Limited
8385,ORIENTELEC.NS,Orient Electric Limited
8386,ORIENTHOT.NS,Oriental Hotels Limited
8387,ORIENTLTD.NS,Orient Press Limited
8388,ORIENTPPR.NS,Orient Paper & Industries Limited
8389,ORIENTREF.NS,RHI Magnesita India Limited
8390,ORISSAMINE.NS,The Orissa Minerals Development Company Limited
8391,ORTEL.NS,Ortel Communications Limited
8392,ORTINLAB.NS,Ortin Laboratories Limited
8393,OSWALAGRO.NS,Oswal Agro Mills Limited
8394,PAEL.NS,PAE Limited
8395,PAGEIND.NS,Page Industries Limited
8396,PAISALO.NS,Paisalo Digital Limited
8397,PALASHSECU.NS,Palash Securities Limited
8398,PALREDTEC.NS,Palred Technologies Limited
8399,PANACEABIO.NS,Panacea Biotec Limited
8400,PANACHE.NS,Panache Digilife Limited
8401,PANAMAPET.NS,Panama Petrochem Limited
8402,PAR.NS,Par Drugs and Chemicals Limited
8403,PARACABLES.NS,Paramount Communications Limited
8404,PARAGMILK.NS,Parag Milk Foods Limited
8405,PARSVNATH.NS,Parsvnath Developers Limited
8406,PATELENG.NS,Patel Engineering Limited
8407,PATINTLOG.NS,Patel Integrated Logistics Limited
8408,PATSPINLTD.NS,Patspin India Limited
8409,PBAINFRA.NS,PBA Infrastructure Limited
8410,PCJEWELLER.NS,PC Jeweller Limited
8411,PDMJEPAPER.NS,Pudumjee Paper Products Limited
8412,PDPL.NS,Parenteral Drugs (India) Limited
8413,PDSMFL.NS,PDS Multinational Fashions Limited
8414,PEARLPOLY.NS,Pearl Polymers Limited
8415,PEL.NS,Piramal Enterprises Limited
8416,PENIND.NS,Pennar Industries Limited
8417,PENINLAND.NS,Peninsula Land Limited
8418,PERSISTENT.NS,Persistent Systems Limited
8419,PETRONET.NS,Petronet LNG Limited
8420,PFC.NS,Power Finance Corporation Limited
8421,PFIZER.NS,Pfizer Limited
8422,PFOCUS.NS,Prime Focus Limited
8423,PFS.NS,PTC India Financial Services Limited
8424,PGEL.NS,PG Electroplast Limited
8425,PGHH.NS,Procter & Gamble Hygiene and Health Care Limited
8426,PGHL.NS,Procter & Gamble Health Limited
8427,PGIL.NS,Pearl Global Industries Limited
8428,PHILIPCARB.NS,PCBL Limited
8429,PHOENIXLTD.NS,The Phoenix Mills Limited
8430,PIDILITIND.NS,Pidilite Industries Limited
8431,PIIND.NS,PI Industries Limited
8432,PILANIINVS.NS,Pilani Investment and Industries Corporation Limited
8433,PILITA.NS,Pil Italica Lifestyle Limited
8434,PIONDIST.NS,Pioneer Distilleries Limited
8435,PIONEEREMB.NS,Pioneer Embroideries Limited
8436,PITTIENG.NS,Pitti Engineering Limited
8437,PKTEA.NS,The Peria Karamalai Tea and Produce Company Limited
8438,PLASTIBLEN.NS,Plastiblends India Limited
8439,PNB.NS,Punjab National Bank
8440,PNBGILTS.NS,PNB Gilts Ltd.
8441,PNBHOUSING.NS,PNB Housing Finance Limited
8442,PNC.NS,Pritish Nandy Communications Ltd
8443,PNCINFRA.NS,PNC Infratech Limited
8444,PODDARHOUS.NS,Poddar Housing and Development Limited
8445,PODDARMENT.NS,Poddar Pigments Limited
8446,POKARNA.NS,Pokarna Limited
8447,POLYCAB.NS,Polycab India Limited
8448,POLYMED.NS,Poly Medicure Limited
8449,POLYPLEX.NS,Polyplex Corporation Limited
8450,PONNIERODE.NS,Ponni Sugars (Erode) Limited
8451,POONAWALLA.NS,Poonawalla Fincorp Limited
8452,POWERGRID.NS,Power Grid Corporation of India Limited
8453,POWERINDIA.NS,Hitachi Energy India Limited
8454,POWERMECH.NS,Power Mech Projects Limited
8455,PPAP.NS,PPAP Automotive Limited
8456,PPL.NS,Prakash Pipes Limited
8457,PRADIP.NS,Pradip Overseas Limited
8458,PRAENG.NS,Prajay Engineers Syndicate Limited
8459,PRAJIND.NS,Praj Industries Limited
8460,PRAKASH.NS,Prakash Industries Limited
8461,PRAKASHSTL.NS,Prakash Steelage Limited
8462,PRAXIS.NS,Praxis Home Retail Limited
8463,PRAXIS-RE.NS,
8464,PRECAM.NS,Precision Camshafts Limited
8465,PRECOT.NS,Precot Limited
8466,PRECWIRE.NS,Precision Wires India Limited
8467,PREMEXPLN.NS,Premier Explosives Limited
8468,PREMIER.NS,Premier Limited
8469,PREMIERPOL.NS,Premier Polyfilm Ltd.
8470,PRESSMN.NS,Pressman Advertising Limited
8471,PRESTIGE.NS,Prestige Estates Projects Limited
8472,PRICOLLTD.NS,Pricol Limited
8473,PRIMESECU.NS,Prime Securities Limited
8474,PRINCEPIPE.NS,Prince Pipes and Fittings Limited
8475,PRITIKAUTO.NS,Pritika Auto Industries Limited
8476,PRIVISCL.NS,Privi Speciality Chemicals Limited
8477,PROINDIA.NS,Equippp Social Impact Technologies Limited
8478,PROZONINTU.NS,Prozone Intu Properties Limited
8479,PRSMJOHNSN.NS,Prism Johnson Limited
8480,PSB.NS,Punjab & Sind Bank
8481,PSPPROJECT.NS,PSP Projects Limited
8482,PTC.NS,PTC India Limited
8483,PTL.NS,PTL Enterprises Limited
8484,PUNJABCHEM.NS,Punjab Chemicals and Crop Protection Limited
8485,PUNJLLOYD.NS,Punj Lloyd Limited
8486,PURVA.NS,Puravankara Limited
8487,PVP.NS,PVP Ventures Limited
8488,PVR.NS,PVR Limited
8489,QUESS.NS,Quess Corp Limited
8490,QUICKHEAL.NS,Quick Heal Technologies Limited
8491,QUINTEGRA.NS,Quintegra Solutions Limited
8492,RADAAN.NS,Radaan Mediaworks India Limited
8493,RADICO.NS,Radico Khaitan Limited
8494,RADIOCITY.NS,Music Broadcast Limited
8495,RAILTEL.NS,RailTel Corporation of India Limited
8496,RAIN.NS,Rain Industries Limited
8497,RAJESHEXPO.NS,Rajesh Exports Limited
8498,RAJMET.NS,Rajnandini Metal Limited
8499,RAJRATAN.NS,Rajratan Global Wire Limited
8500,RAJRAYON.NS,Raj Rayon Industries Limited
8501,RAJSREESUG.NS,Rajshree Sugars and Chemicals Limited
8502,RAJTV.NS,Raj Television Network Limited
8503,RAJVIR.NS,Rajvir Industries Limited
8504,RALLIS.NS,Rallis India Limited
8505,RAMANEWS.NS,Shree Rama Newsprint Limited
8506,RAMASTEEL.NS,Rama Steel Tubes Limited
8507,RAMCOCEM.NS,The Ramco Cements Limited
8508,RAMCOIND.NS,Ramco Industries Limited
8509,RAMCOSYS.NS,Ramco Systems Limited
8510,RAMKY.NS,Ramky Infrastructure Limited
8511,RAMSARUP.NS,Ramsarup Industries Limited
8512,RANASUG.NS,Rana Sugars Limited
8513,RANEENGINE.NS,Rane Engine Valve Limited
8514,RANEHOLDIN.NS,Rane Holdings Limited
8515,RATNAMANI.NS,Ratnamani Metals & Tubes Limited
8516,RAYMOND.NS,Raymond Limited
8517,RBL.NS,Rane Brake Lining Limited
8518,RBLBANK.NS,RBL Bank Limited
8519,RCF.NS,Rashtriya Chemicals and Fertilizers Limited
8520,RCOM.NS,Reliance Communications Limited
8521,RECLTD.NS,REC Limited
8522,REDINGTON.NS,Redington (India) Limited
8523,REFEX.NS,Refex Industries Limited
8524,REGENCERAM.NS,Regency Ceramics Limited
8525,RELAXO.NS,Relaxo Footwears Limited
8526,RELCAPITAL.NS,Reliance Capital Limited
8527,RELIANCE.NS,Reliance Industries Limited
8528,RELIANCEP1.NS,
8529,RELIGARE.NS,Religare Enterprises Limited
8530,RELINFRA.NS,Reliance Infrastructure Limited
8531,REMSONSIND.NS,Remsons Industries Limited
8532,RENUKA.NS,Shree Renuka Sugars Limited
8533,REPCOHOME.NS,Repco Home Finance Limited
8534,REPL.NS,Rudrabhishek Enterprises Limited
8535,REPRO.NS,Repro India Limited
8536,RESPONIND.NS,Responsive Industries Limited
8537,REVATHI.NS,Revathi Equipment Limited
8538,RGL.NS,Renaissance Global Limited
8539,RHFL.NS,Reliance Home Finance Limited
8540,RHIM.NS,RHI Magnesita India Limited
8541,RICOAUTO.NS,Rico Auto Industries Limited
8542,RIIL.NS,Reliance Industrial Infrastructure Limited
8543,RITES.NS,RITES Limited
8544,RKDL.NS,Ravi Kumar Distilleries Limited
8545,RKEC.NS,RKEC Projects Limited
8546,RKFORGE.NS,Ramkrishna Forgings Limited
8547,RMCL.NS,Radha Madhav Corporation Limited
8548,RML.NS,Rane (Madras) Limited
8549,RNAVAL.NS,Reliance Naval and Engineering Limited
8550,ROHITFERRO.NS,Rohit Ferro-Tech Limited
8551,ROHLTD.NS,Royal Orchid Hotels Limited
8552,ROLEXRINGS.NS,Rolex Rings Limited
8553,ROLLT.NS,Rollatainers Limited
8554,ROLTA.NS,Rolta India Limited
8555,ROML.NS,Raj Oil Mills Limited
8556,ROSSARI.NS,Rossari Biotech Limited
8557,ROSSELLIND.NS,Rossell India Limited
8558,ROUTE.NS,Route Mobile Limited
8559,RPGLIFE.NS,RPG Life Sciences Limited
8560,RPOWER.NS,Reliance Power Limited
8561,RPPINFRA.NS,R.P.P. Infra Projects Limited
8562,RPSGVENT.NS,RPSG Ventures Limited
8563,RSSOFTWARE.NS,R S Software (India) Limited
8564,RSWM.NS,RSWM Limited
8565,RSYSTEMS.NS,R Systems International Limited
8566,RTNINDIA.NS,RattanIndia Enterprises Limited
8567,RTNPOWER.NS,RattanIndia Power Limited
8568,RUBYMILLS.NS,The Ruby Mills Limited
8569,RUCHI.NS,Ruchi Soya Industries Limited
8570,RUCHINFRA.NS,Ruchi Infrastructure Limited
8571,RUCHIRA.NS,Ruchira Papers Limited
8572,RUPA.NS,Rupa & Company Limited
8573,RUSHIL.NS,Rushil D?cor Limited
8574,RVHL.NS,Ravinder Heights Limited
8575,RVNL.NS,Rail Vikas Nigam Limited
8576,S&SPOWER.NS,S&S Power Switchgear Limited
8577,SABEVENTS.NS,SAB Events & Governance Now Media Limited
8578,SABTN.NS,Sri Adhikari Brothers Television Network Limited
8579,SADBHAV.NS,Sadbhav Engineering Limited
8580,SADBHIN.NS,Sadbhav Infrastructure Project Limited
8581,SAFARI.NS,Safari Industries (India) Limited
8582,SAGARDEEP.NS,Sagardeep Alloys Limited
8583,SAGCEM.NS,Sagar Cements Limited
8584,SAIL.NS,Steel Authority of India Limited
8585,SAKAR.NS,Sakar Healthcare Limited
8586,SAKHTISUG.NS,Sakthi Sugars Limited
8587,SAKSOFT.NS,Saksoft Limited
8588,SAKUMA.NS,Sakuma Exports Limited
8589,SALASAR.NS,Salasar Techno Engineering Limited
8590,SALONA.NS,Salona Cotspin Limited
8591,SALSTEEL.NS,S.A.L. Steel Limited
8592,SALZERELEC.NS,Salzer Electronics Limited
8593,SAMBHAAV.NS,Sambhaav Media Limited
8594,SANCO.NS,Sanco Industries Limited
8595,SANDESH.NS,The Sandesh Limited
8596,SANDHAR.NS,Sandhar Technologies Limited
8597,SANGAMIND.NS,Sangam (India) Limited
8598,SANGHIIND.NS,Sanghi Industries Limited
8599,SANGHVIMOV.NS,Sanghvi Movers Limited
8600,SANGINITA.NS,Sanginita Chemicals Limited
8601,SANOFI.NS,Sanofi India Limited
8602,SANSERA.NS,Sansera Engineering Limited
8603,SANWARIA.NS,Sanwaria Consumer Limited
8604,SARDAEN.NS,Sarda Energy & Minerals Limited
8605,SAREGAMA.NS,Saregama India Limited
8606,SARLAPOLY.NS,Sarla Performance Fibers Limited
8607,SASKEN.NS,Sasken Technologies Limited
8608,SASTASUNDR.NS,Sastasundar Ventures Limited
8609,SATHAISPAT.NS,Sathavahana Ispat Limited
8610,SATIA.NS,Satia Industries Limited
8611,SATIN.NS,Satin Creditcare Network Limited
8612,SBCL.NS,Shivalik Bimetal Controls Limited
8613,SBICARD.NS,SBI Cards and Payment Services Limited
8614,SBILIFE.NS,SBI Life Insurance Company Limited
8615,SBIN.NS,State Bank of India
8616,SCAPDVR.NS,Stampede Capital Limited
8617,SCHAEFFLER.NS,Schaeffler India Limited
8618,SCHAND.NS,S Chand and Company Limited
8619,SCHNEIDER.NS,Schneider Electric Infrastructure Limited
8620,SCI.NS,The Shipping Corporation of India Limited
8621,SDBL.NS,Som Distilleries & Breweries Limited
8622,SEAMECLTD.NS,Seamec Limited
8623,SECURKLOUD.NS,SecureKloud Technologies Limited
8624,SELAN.NS,Selan Exploration Technology Limited
8625,SEPOWER.NS,S. E. Power Limited
8626,SEQUENT.NS,Sequent Scientific Limited
8627,SERVOTECH.NS,Servotech Power Systems Limited
8628,SESHAPAPER.NS,Seshasayee Paper and Boards Limited
8629,SETCO.NS,Setco Automotive Limited
8630,SETUINFRA.NS,Setubandhan Infrastructure Limited
8631,SEYAIND.NS,Seya Industries Limited
8632,SEZAL.NS,Sejal Glass Limited
8633,SFL.NS,Sheela Foam Limited
8634,SGIL.NS,Synergy Green Industries Limited
8635,SGL.NS,STL Global Limited
8636,SHAHALLOYS.NS,Shah Alloys Limited
8637,SHAKTIPUMP.NS,Shakti Pumps (India) Limited
8638,SHALBY.NS,Shalby Limited
8639,SHALPAINTS.NS,Shalimar Paints Limited
8640,SHANKARA.NS,Shankara Building Products Limited
8641,SHANTI.NS,Shanti Overseas (India) Limited
8642,SHANTIGEAR.NS,Shanthi Gears Limited
8643,SHARDACROP.NS,Sharda Cropchem Limited
8644,SHARDAMOTR.NS,Sharda Motor Industries Limited
8645,SHAREINDIA.NS,Share India Securities Limited
8646,SHEMAROO.NS,Shemaroo Entertainment Limited
8647,SHIL.NS,Somany Home Innovation Limited
8648,SHILPAMED.NS,Shilpa Medicare Limited
8649,SHIRPUR-G.NS,Shirpur Gold Refinery Limited
8650,SHIVAMAUTO.NS,Shivam Autotech Limited
8651,SHIVAMILLS.NS,Shiva Mills Limited
8652,SHIVATEX.NS,Shiva Texyarn Limited
8653,SHK.NS,S H Kelkar and Company Limited
8654,SHOPERSTOP.NS,Shoppers Stop Limited
8655,SHRADHA.NS,Shradha Infraprojects Limited
8656,SHREDIGCEM.NS,Shree Digvijay Cement Company Ltd.
8657,SHREECEM.NS,Shree Cement Limited
8658,SHREEPUSHK.NS,Shree Pushkar Chemicals & Fertilisers Limited
8659,SHREERAMA.NS,Shree Rama Multi-Tech Limited
8660,SHRENIK.NS,Shrenik Limited
8661,SHREYANIND.NS,Shreyans Industries Limited
8662,SHREYAS.NS,Shreyas Shipping and Logistics Limited
8663,SHRIPISTON.NS,Shriram Pistons & Rings Limited
8664,SHRIRAMCIT.NS,Shriram City Union Finance Limited
8665,SHRIRAMEPC.NS,Shriram EPC Limited
8666,SHYAMCENT.NS,Shyam Century Ferrous Limited
8667,SHYAMMETL.NS,Shyam Metalics and Energy Limited
8668,SHYAMTEL.NS,Shyam Telecom Limited
8669,SICAGEN.NS,Sicagen India Limited
8670,SICAL.NS,Sical Logistics Limited
8671,SIEMENS.NS,Siemens Limited
8672,SIGIND.NS,Signet Industries Limited
8673,SIL.NS,Standard Industries Limited
8674,SILGO.NS,Silgo Retail Limited
8675,SILINV.NS,SIL Investments Limited
8676,SILLYMONKS.NS,Silly Monks Entertainment Limited
8677,SIMBHALS.NS,Simbhaoli Sugars Limited
8678,SIMPLEXINF.NS,Simplex Infrastructures Limited
8679,SINTERCOM.NS,Sintercom India Limited
8680,SINTEX.NS,Sintex Industries Limited
8681,SIRCA.NS,Sirca Paints India Limited
8682,SIS.NS,SIS Limited
8683,SITINET.NS,SITI Networks Limited
8684,SIYSIL.NS,Siyaram Silk Mills Limited
8685,SJVN.NS,SJVN Limited
8686,SKFINDIA.NS,SKF India Limited
8687,SKIL.NS,SKIL Infrastructure Limited
8688,SKIPPER.NS,Skipper Limited
8689,SKMEGGPROD.NS,SKM Egg Products Export (India) Limited
8690,SMARTLINK.NS,Smartlink Holdings Limited
8691,SMCGLOBAL.NS,SMC Global Securities Limited
8692,SMLISUZU.NS,SML Isuzu Limited
8693,SMPL.NS,Splendid Metal Products Limited
8694,SMSLIFE.NS,SMS Lifesciences India Limited
8695,SMSPHARMA.NS,SMS Pharmaceuticals Limited
8696,SNOWMAN.NS,Snowman Logistics Limited
8697,SOBHA.NS,Sobha Limited
8698,SOLARA.NS,Solara Active Pharma Sciences Limited
8699,SOLARINDS.NS,Solar Industries India Limited
8700,SOMANYCERA.NS,Somany Ceramics Limited
8701,SOMATEX.NS,Soma Textiles & Industries Limited
8702,SOMICONVEY.NS,Somi Conveyor Beltings Limited
8703,SONACOMS.NS,Sona BLW Precision Forgings Limited
8704,SONATSOFTW.NS,Sonata Software Limited
8705,SORILINFRA.NS,SORIL Infra Resources Limited
8706,SOTL.NS,Savita Oil Technologies Limited
8707,SOUTHBANK.NS,The South Indian Bank Limited
8708,SOUTHWEST.NS,South West Pinnacle Exploration Limited
8709,SPAL.NS,S.P. Apparels Limited
8710,SPANDANA.NS,Spandana Sphoorty Financial Limited
8711,SPARC.NS,Sun Pharma Advanced Research Company Limited
8712,SPCENET.NS,Spacenet Enterprises India Limited
8713,SPECIALITY.NS,Speciality Restaurants Limited
8714,SPENCERS.NS,Spencer's Retail Limited
8715,SPENTEX.NS,CLC Industries Limited
8716,SPIC.NS,Southern Petrochemical Industries Corporation Limited
8717,SPICEJET.NS,SpiceJet Limited
8718,SPLIL.NS,SPL Industries Limited
8719,SPMLINFRA.NS,SPML Infra Limited
8720,SPTL.NS,Sintex Plastics Technology Limited
8721,SPYL.NS,Shekhawati Poly-Yarn Limited
8722,SREEL.NS,Sreeleathers Limited
8723,SREINFRA.NS,Srei Infrastructure Finance Limited
8724,SRF.NS,SRF Limited
8725,SRHHYPOLTD.NS,Sree Rayalaseema Hi-Strength Hypo Limited
8726,SRIPIPES.NS,Srikalahasthi Pipes Limited
8727,SRPL.NS,Shree Ram Proteins Limited
8728,SRTRANSFIN.NS,Shriram Transport Finance Company Limited
8729,SSWL.NS,Steel Strips Wheels Limited
8730,STAMPEDE.NS,Stampede Capital Limited
8731,STAR.NS,Strides Pharma Science Limited
8732,STARCEMENT.NS,Star Cement Limited
8733,STARPAPER.NS,Star Paper Mills Limited
8734,STCINDIA.NS,The State Trading Corporation of India Ltd.
8735,STEELCITY.NS,Steel City Securities Limited
8736,STEELXIND.NS,Steel Exchange India Limited
8737,STEL.NS,STEL Holdings Limited
8738,STERTOOLS.NS,Sterling Tools Limited
8739,STINDIA.NS,STI India Limited
8740,STLTECH.NS,Sterlite Technologies Limited
8741,STOVEKRAFT.NS,Stove Kraft Limited
8742,STYLAMIND.NS,
8743,SUBCAPCITY.NS,International Constructions Limited
8744,SUBEXLTD.NS,Subex Limited
8745,SUBROS.NS,Subros Limited
8746,SUDARSCHEM.NS,Sudarshan Chemical Industries Limited
8747,SUMEETINDS.NS,Sumeet Industries Limited
8748,SUMICHEM.NS,Sumitomo Chemical India Limited
8749,SUMIT.NS,Sumit Woods Limited
8750,SUMMITSEC.NS,Summit Securities Limited
8751,SUNCLAYLTD.NS,Sundaram-Clayton Limited
8752,SUNDARAM.NS,Sundaram Multi Pap Limited
8753,SUNDARMFIN.NS,Sundaram Finance Limited
8754,SUNDARMHLD.NS,Sundaram Finance Holdings Limited
8755,SUNDRMBRAK.NS,Sundaram Brake Linings Limited
8756,SUNDRMFAST.NS,Sundram Fasteners Limited
8757,SUNFLAG.NS,Sunflag Iron and Steel Company Limited
8758,SUNPHARMA.NS,Sun Pharmaceutical Industries Limited
8759,SUNTECK.NS,Sunteck Realty Limited
8760,SUNTV.NS,Sun TV Network Limited
8761,SUPERHOUSE.NS,Superhouse Limited
8762,SUPERSPIN.NS,Super Spinning Mills Limited
8763,SUPPETRO.NS,Supreme Petrochem Limited
8764,SUPRAJIT.NS,Suprajit Engineering Limited
8765,SUPREMEENG.NS,Supreme Engineering Limited
8766,SUPREMEIND.NS,The Supreme Industries Limited
8767,SUPREMEINF.NS,Supreme Infrastructure India Limited
8768,SUPRIYA.NS,Supriya Lifescience Limited
8769,SURANASOL.NS,Surana Solar Limited
8770,SURANAT&P.NS,Surana Telecom and Power Limited
8771,SURYALAXMI.NS,Suryalakshmi Cotton Mills Limited
8772,SURYAROSNI.NS,Surya Roshni Limited
8773,SURYODAY.NS,Suryoday Small Finance Bank Limited
8774,SUTLEJTEX.NS,Sutlej Textiles and Industries Limited
8775,SUULD.NS,Suumaya Industries Limited
8776,SUVEN.NS,Suven Life Sciences Limited
8777,SUVENPHAR.NS,Suven Pharmaceuticals Limited
8778,SUVIDHAA.NS,Suvidhaa Infoserve Limited
8779,SUZLON.NS,Suzlon Energy Limited
8780,SVPGLOB.NS,
8781,SWANENERGY.NS,Swan Energy Limited
8782,SWARAJENG.NS,Swaraj Engines Limited
8783,SWELECTES.NS,Swelect Energy Systems Limited
8784,SWSOLAR.NS,Sterling and Wilson Renewable Energy Limited
8785,SYMPHONY.NS,Symphony Limited
8786,SYNCOM.NS,Syncom Healthcare Limited
8787,SYNGENE.NS,Syngene International Limited
8788,TAINWALCHM.NS,Tainwala Chemicals and Plastics (India) Limited
8789,TAJGVK.NS,TAJGVK Hotels & Resorts Limited
8790,TAKE.NS,TAKE Solutions Limited
8791,TALBROAUTO.NS,Talbros Automotive Components Limited
8792,TANLA.NS,Tanla Platforms Limited
8793,TANTIACONS.NS,Tantia Constructions Limited
8794,TARAPUR.NS,Tarapur Transformers Limited
8795,TARC.NS,TARC Limited
8796,TARMAT.NS,Tarmat Limited
8797,TASTYBITE.NS,Tasty Bite Eatables Limited
8798,TATACHEM.NS,Tata Chemicals Limited
8799,TATACOFFEE.NS,Tata Coffee Limited
8800,TATACOMM.NS,Tata Communications Limited
8801,TATACONSUM.NS,Tata Consumer Products Limited
8802,TATAELXSI.NS,Tata Elxsi Limited
8803,TATAINVEST.NS,Tata Investment Corporation Limited
8804,TATAMETALI.NS,Tata Metaliks Limited
8805,TATAMOTORS.NS,Tata Motors Limited
8806,TATAMTRDVR.NS,Tata Motors Limited
8807,TATAPOWER.NS,The Tata Power Company Limited
8808,TATASTEEL.NS,Tata Steel Limited
8809,TATASTLBSL.NS,Tata Steel BSL Limited
8810,TATASTLLP.NS,Tata Steel Long Products Limited
8811,TATVA.NS,Tatva Chintan Pharma Chem Limited
8812,TBZ.NS,Tribhovandas Bhimji Zaveri Limited
8813,TCI.NS,Transport Corporation of India Limited
8814,TCIDEVELOP.NS,TCI Developers Limited
8815,TCIEXP.NS,TCI Express Limited
8816,TCIFINANCE.NS,TCI Finance Limited
8817,TCNSBRANDS.NS,TCNS Clothing Co. Limited
8818,TCPLPACK.NS,TCPL Packaging Limited
8819,TCS.NS,Tata Consultancy Services Limited
8820,TDPOWERSYS.NS,TD Power Systems Limited
8821,TEAMLEASE.NS,TeamLease Services Limited
8822,TECHIN.NS,Techindia Nirman Limited
8823,TECHM.NS,Tech Mahindra Limited
8824,TECHNOE.NS,Techno Electric & Engineering Company Limited
8825,TECHNOFAB.NS,Technofab Engineering Limited
8826,TEJASNET.NS,Tejas Networks Limited
8827,TEMBO.NS,Tembo Global Industries Limited
8828,TERASOFT.NS,Tera Software Limited
8829,TEXINFRA.NS,Texmaco Infrastructure & Holdings Limited
8830,TEXMOPIPES.NS,Texmo Pipes and Products Limited
8831,TEXRAIL.NS,Texmaco Rail & Engineering Limited
8832,TFCILTD.NS,Tourism Finance Corporation of India Limited
8833,TFL.NS,Transwarranty Finance Limited
8834,TGBHOTELS.NS,TGB Banquets and Hotels Limited
8835,THANGAMAYL.NS,Thangamayil Jewellery Limited
8836,THEINVEST.NS,The Investment Trust of India Limited
8837,THEMISMED.NS,Themis Medicare Limited
8838,THERMAX.NS,Thermax Limited
8839,THIRUSUGAR.NS,Thiru Arooran Sugars Limited
8840,THOMASCOOK.NS,Thomas Cook (India) Limited
8841,THOMASCOTT.NS,Thomas Scott (India) Limited
8842,THYROCARE.NS,Thyrocare Technologies Limited
8843,TI.NS,Tilaknagar Industries Ltd.
8844,TIDEWATER.NS,Tide Water Oil Co. (India) Limited
8845,TIIL.NS,Technocraft Industries (India) Limited
8846,TIINDIA.NS,Tube Investments of India Limited
8847,TIJARIA.NS,Tijaria Polypipes Limited
8848,TIL.NS,TIL Limited
8849,TIMESGTY.NS,Times Guaranty Limited
8850,TIMETECHNO.NS,Time Technoplast Limited
8851,TIMKEN.NS,Timken India Limited
8852,TINPLATE.NS,The Tinplate Company of India Limited
8853,TIPSINDLTD.NS,Tips Industries Limited
8854,TIRUMALCHM.NS,Thirumalai Chemicals Limited
8855,TIRUPATIFL.NS,Tirupati Forge Limited
8856,TITAN.NS,Titan Company Limited
8857,TMRVL.NS,The Mandhana Retail Ventures Limited
8858,TNPETRO.NS,Tamilnadu Petroproducts Limited
8859,TNPL.NS,Tamil Nadu Newsprint and Papers Limited
8860,TNTELE.NS,Tamilnadu Telecommunications Limited
8861,TOKYOPLAST.NS,Tokyo Plast International Limited
8862,TORNTPHARM.NS,Torrent Pharmaceuticals Limited
8863,TORNTPOWER.NS,Torrent Power Limited
8864,TOTAL.NS,Total Transport Systems Limited
8865,TOUCHWOOD.NS,Touchwood Entertainment Limited
8866,TPLPLASTEH.NS,TPL Plastech Limited
8867,TREEHOUSE.NS,Tree House Education & Accessories Limited
8868,TREJHARA.NS,Trejhara Solutions Limited
8869,TRENT.NS,Trent Limited
8870,TRF.NS,TRF Limited
8871,TRIDENT.NS,Trident Limited
8872,TRIGYN.NS,Trigyn Technologies Limited
8873,TRIL.NS,Transformers and Rectifiers (India) Limited
8874,TRITURBINE.NS,Triveni Turbine Limited
8875,TRIVENI.NS,Triveni Engineering & Industries Limited
8876,TTKHLTCARE.NS,TTK Healthcare Limited
8877,TTKPRESTIG.NS,TTK Prestige Limited
8878,TTL.NS,T.T. Limited
8879,TTML.NS,Tata Teleservices (Maharashtra) Limited
8880,TV18BRDCST.NS,TV18 Broadcast Limited
8881,TVSELECT.NS,TVS Electronics Limited
8882,TVSMOTOR.NS,TVS Motor Company Limited
8883,TVSSRICHAK.NS,TVS Srichakra Limited
8884,TVTODAY.NS,T.V. Today Network Limited
8885,TVVISION.NS,TV Vision Limited
8886,TWL.NS,Titagarh Wagons Limited
8887,UBL.NS,United Breweries Limited
8888,UCALFUEL.NS,Ucal Fuel Systems Limited
8889,UCOBANK.NS,UCO Bank
8890,UFLEX.NS,Uflex Limited
8891,UFO.NS,UFO Moviez India Limited
8892,UGARSUGAR.NS,The Ugar Sugar Works Limited
8893,UGROCAP.NS,UGRO Capital Limited
8894,UJAAS.NS,Ujaas Energy Limited
8895,UJJIVAN.NS,Ujjivan Financial Services Limited
8896,UJJIVANSFB.NS,Ujjivan Small Finance Bank Limited
8897,ULTRACEMCO.NS,UltraTech Cement Limited
8898,UMANGDAIRY.NS,Umang Dairies Limited
8899,UMESLTD.NS,Usha Martin Education & Solutions Limited
8900,UNICHEMLAB.NS,Unichem Laboratories Limited
8901,UNIDT.NS,United Drilling Tools Limited
8902,UNIENTER.NS,Uniphos Enterprises Limited
8903,UNIONBANK.NS,Union Bank of India
8904,UNIPLY.NS,Uniply Industries Limited
8905,UNITECH.NS,Unitech Limited
8906,UNITEDTEA.NS,The United Nilgiri Tea Estates Company Limited
8907,UNITY.NS,Unity Infraprojects Limited
8908,UNIVASTU.NS,Univastu India Limited
8909,UNIVCABLES.NS,Universal Cables Limited
8910,UNIVPHOTO.NS,Universus Photo Imagings Limited
8911,UPL.NS,UPL Limited
8912,URJA.NS,Urja Global Limited
8913,USHAMART.NS,Usha Martin Limited
8914,UTIAMC.NS,UTI Asset Management Company Limited
8915,UTTAMSTL.NS,Uttam Galva Steels Limited
8916,UTTAMSUGAR.NS,Uttam Sugar Mills Limited
8917,V2RETAIL.NS,V2 Retail Limited
8918,VADILALIND.NS,Vadilal Industries Limited
8919,VAIBHAVGBL.NS,Vaibhav Global Limited
8920,VAISHALI.NS,Vaishali Pharma Limited
8921,VAKRANGEE.NS,Vakrangee Limited
8922,VALIANTORG.NS,Valiant Organics Limited
8923,VARDHACRLC.NS,Vardhman Acrylics Limited
8924,VARDMNPOLY.NS,Vardhman Polytex Limited
8925,VARROC.NS,Varroc Engineering Limited
8926,VASCONEQ.NS,Vascon Engineers Limited
8927,VASWANI.NS,Vaswani Industries Limited
8928,VBL.NS,Varun Beverages Limited
8929,VEDL.NS,Vedanta Limited
8930,VENKEYS.NS,Venky's (India) Limited
8931,VENUSREM.NS,Venus Remedies Limited
8932,VERTOZ.NS,Vertoz Advertising Limited
8933,VESUVIUS.NS,Vesuvius India Limited
8934,VETO.NS,Veto Switchgears and Cables Limited
8935,VGUARD.NS,V-Guard Industries Limited
8936,VHL.NS,Vardhman Holdings Limited
8937,VICEROY.NS,Viceroy Hotels Limited
8938,VIDEOIND.NS,Videocon Industries Limited
8939,VIDHIING.NS,Vidhi Specialty Food Ingredients Limited
8940,VIJAYA.NS,Vijaya Diagnostic Centre Limited
8941,VIJIFIN.NS,Viji Finance Limited
8942,VIKASECO.NS,Vikas EcoTech Limited
8943,VIKASLIFE.NS,Vikas Lifecare Limited
8944,VIKASPROP.NS,Vikas Proppant & Granite Limited
8945,VIKASWSP.NS,Vikas WSP Limited
8946,VIMTALABS.NS,Vimta Labs Limited
8947,VINATIORGA.NS,Vinati Organics Limited
8948,VINDHYATEL.NS,Vindhya Telelinks Limited
8949,VINEETLAB.NS,Vineet Laboratories Limited
8950,VINYLINDIA.NS,Vinyl Chemicals (India) Limited
8951,VIPCLOTHNG.NS,VIP Clothing Limited
8952,VIPIND.NS,VIP Industries Limited
8953,VIPULLTD.NS,Vipul Limited
8954,VISAKAIND.NS,Visaka Industries Limited
8955,VISASTEEL.NS,VISA Steel Limited
8956,VISESHINFO.NS,MPS Infotecnics Limited
8957,VISHAL.NS,Vishal Fabrics Limited
8958,VISHNU.NS,Vishnu Chemicals Limited
8959,VISHWARAJ.NS,Vishwaraj Sugar Industries Limited
8960,VIVIDHA.NS,Visagar Polytex Limited
8961,VIVIMEDLAB.NS,Vivimed Labs Limited
8962,VLSFINANCE.NS,VLS Finance Limited
8963,VMART.NS,V-Mart Retail Limited
8964,VOLTAMP.NS,Voltamp Transformers Limited
8965,VOLTAS.NS,Voltas Limited
8966,VRLLOG.NS,VRL Logistics Limited
8967,VSSL.NS,Vardhman Special Steels Limited
8968,VSTIND.NS,VST Industries Limited
8969,VSTTILLERS.NS,V.S.T. Tillers Tractors Limited
8970,VTL.NS,Vardhman Textiles Limited
8971,WABAG.NS,VA Tech Wabag Limited
8972,WABCOINDIA.NS,WABCO India Limited
8973,WALCHANNAG.NS,Walchandnagar Industries Limited
8974,WANBURY.NS,Wanbury Limited
8975,WATERBASE.NS,The Waterbase Limited
8976,WEALTH.NS,Wealth First Portfolio Managers Limited
8977,WEBELSOLAR.NS,Websol Energy System Limited
8978,WEIZMANIND.NS,Weizmann Limited
8979,WELCORP.NS,Welspun Corp Limited
8980,WELENT.NS,Welspun Enterprises Limited
8981,WELINV.NS,Welspun Investments and Commercials Limited
8982,WELSPUNIND.NS,Welspun India Limited
8983,WENDT.NS,Wendt (India) Limited
8984,WESTLIFE.NS,Westlife Development Limited
8985,WHEELS.NS,Wheels India Limited
8986,WHIRLPOOL.NS,Whirlpool of India Limited
8987,WILLAMAGOR.NS,Williamson Magor & Co. Limited
8988,WINDLAS.NS,Windlas Biotech Limited
8989,WINDMACHIN.NS,Windsor Machines Limited
8990,WIPL.NS,The Western India Plywoods Limited
8991,WIPRO.NS,Wipro Limited
8992,WOCKPHARMA.NS,Wockhardt Limited
8993,WONDERLA.NS,Wonderla Holidays Limited
8994,WORTH.NS,Worth Peripherals Limited
8995,WSI.NS,W.S. Industries (India) Limited
8996,WSTCSTPAPR.NS,West Coast Paper Mills Limited
8997,XCHANGING.NS,Xchanging Solutions Limited
8998,XELPMOC.NS,Xelpmoc Design and Tech Limited
8999,XPROINDIA.NS,Xpro India Limited
9000,YAARII.NS,Yaari Digital Integrated Services Limited
9001,YESBANK.NS,Yes Bank Limited
9002,YUKEN.NS,Yuken India Limited
9003,ZEEL.NS,Zee Entertainment Enterprises Limited
9004,ZEELEARN.NS,Zee Learn Limited
9005,ZEEMEDIA.NS,Zee Media Corporation Limited
9006,ZENITHEXPO.NS,Zenith Exports Limited
9007,ZENITHSTL.NS,Zenith Steel Pipes & Industries Limited
9008,ZENSARTECH.NS,Zensar Technologies Limited
9009,ZENTEC.NS,Zen Technologies Limited
9010,ZICOM.NS,Zicom Electronic Security Systems Limited
9011,ZODIACLOTH.NS,Zodiac Clothing Company Limited
9012,ZODJRDMKJ.NS,Zodiac-JRD-MKJ Limited
9013,ZOMATO.NS,Zomato Limited
9014,ZOTA.NS,Zota Health Care Limited
9015,ZUARI.NS,Zuari Agro Chemicals Limited
9016,ZUARIGLOB.NS,Zuari Global Limited
9017,ZYDUSWELL.NS,Zydus Wellness Limited